,country,country_code,continent,total_inbound,total_outbound,gdp,year
0,Serbia,SRB,Europe,6988,11648,5848,2007
1,Serbia,SRB,Europe,11259,11354,7101,2008
2,Serbia,SRB,Europe,10408,12250,6169,2009
3,Serbia,SRB,Europe,9483,12393,5735,2010
4,Serbia,SRB,Europe,8242,13108,6809,2011
5,Serbia,SRB,Europe,8931,12443,6016,2012
6,Serbia,SRB,Europe,8930,12667,6755,2013
7,Serbia,SRB,Europe,8914,14071,6600,2014
8,Serbia,SRB,Europe,9945,13788,5585,2015
9,Serbia,SRB,Europe,10690,15002,5756,2016
10,Serbia,SRB,Europe,11624,16212,6284,2017
11,Serbia,SRB,Europe,11361,15749,7246,2018
12,Korea,KOR,Asia,3373,69502,12257,2000
13,Korea,KOR,Asia,3850,72240,11561,2001
14,Korea,KOR,Asia,4956,84082,13165,2002
15,Korea,KOR,Asia,7843,89470,14673,2003
16,Korea,KOR,Asia,10778,94970,16496,2004
17,Korea,KOR,Asia,15497,99044,19403,2005
18,Korea,KOR,Asia,22260,104517,21743,2006
19,Korea,KOR,Asia,31943,109507,24086,2007
20,Korea,KOR,Asia,40322,117541,21350,2008
21,Korea,KOR,Asia,50030,126495,19144,2009
22,Korea,KOR,Asia,59194,126194,23087,2010
23,Korea,KOR,Asia,62675,127872,25096,2011
24,Korea,KOR,Asia,59472,121243,25467,2012
25,Korea,KOR,Asia,55536,113858,27183,2013
26,Korea,KOR,Asia,52451,110106,29250,2014
27,Korea,KOR,Asia,54540,107857,28732,2015
28,Korea,KOR,Asia,61888,105470,29289,2016
29,Korea,KOR,Asia,70796,105500,31617,2017
30,Korea,KOR,Asia,84749,101774,33340,2018
31,Rwanda,RWA,Africa,92,3515,203,2001
32,Rwanda,RWA,Africa,547,6066,729,2012
33,Rwanda,RWA,Africa,737,6604,726,2013
34,Rwanda,RWA,Africa,719,6200,747,2014
35,Rwanda,RWA,Africa,778,5051,755,2015
36,Rwanda,RWA,Africa,595,4583,749,2016
37,Rwanda,RWA,Africa,1397,4625,772,2017
38,Rwanda,RWA,Africa,3052,4851,783,2018
39,Malta,MLT,Europe,351,606,10391,2000
40,Malta,MLT,Europe,340,607,10347,2001
41,Malta,MLT,Europe,350,641,11281,2002
42,Malta,MLT,Europe,409,602,13588,2003
43,Malta,MLT,Europe,442,692,15063,2004
44,Malta,MLT,Europe,605,780,15858,2005
45,Malta,MLT,Europe,639,948,16672,2006
46,Malta,MLT,Europe,607,1009,19376,2007
47,Malta,MLT,Europe,437,1007,21929,2008
48,Malta,MLT,Europe,449,1128,20676,2009
49,Malta,MLT,Europe,471,1231,22859,2011
50,Malta,MLT,Europe,591,1361,21916,2012
51,Malta,MLT,Europe,636,1902,23837,2013
52,Malta,MLT,Europe,739,1232,26009,2014
53,Malta,MLT,Europe,821,1175,24003,2015
54,Malta,MLT,Europe,1124,1024,25133,2016
55,Malta,MLT,Europe,1195,1067,27239,2017
56,Malta,MLT,Europe,1515,1141,30133,2018
57,Nauru,NRU,Oceania,0,69,0,2000
58,Nauru,NRU,Oceania,0,70,0,2001
59,Nauru,NRU,Oceania,0,70,0,2002
60,Nauru,NRU,Oceania,0,70,0,2003
61,Nauru,NRU,Oceania,0,77,0,2004
62,Nauru,NRU,Oceania,0,95,0,2005
63,Nauru,NRU,Oceania,0,109,0,2006
64,Nauru,NRU,Oceania,0,111,0,2007
65,Nauru,NRU,Oceania,0,123,0,2008
66,North Macedonia,MKD,Europe,240,4340,1854,2000
67,North Macedonia,MKD,Europe,171,3745,1816,2001
68,North Macedonia,MKD,Europe,135,4402,1961,2002
69,North Macedonia,MKD,Europe,113,5000,2409,2003
70,North Macedonia,MKD,Europe,147,5778,2763,2004
71,North Macedonia,MKD,Europe,272,6456,3038,2005
72,North Macedonia,MKD,Europe,187,6900,3326,2006
73,North Macedonia,MKD,Europe,884,6647,4036,2007
74,North Macedonia,MKD,Europe,1338,5792,4793,2008
75,North Macedonia,MKD,Europe,1431,5647,4544,2009
76,North Macedonia,MKD,Europe,1761,4632,5064,2011
77,North Macedonia,MKD,Europe,1372,4461,4698,2012
78,North Macedonia,MKD,Europe,1311,3948,5211,2013
79,North Macedonia,MKD,Europe,1718,3824,5468,2014
80,North Macedonia,MKD,Europe,2220,4733,4840,2015
81,North Macedonia,MKD,Europe,2903,5480,5431,2017
82,North Macedonia,MKD,Europe,3096,5704,6063,2018
83,Côte d'Ivoire,CIV,Africa,8386,8899,1236,2008
84,Côte d'Ivoire,CIV,Africa,1884,8999,1210,2009
85,Côte d'Ivoire,CIV,Africa,1818,9422,1213,2010
86,Côte d'Ivoire,CIV,Africa,1253,9676,1209,2011
87,Côte d'Ivoire,CIV,Africa,6569,9950,1243,2012
88,Côte d'Ivoire,CIV,Africa,2960,10540,1561,2014
89,Côte d'Ivoire,CIV,Africa,3465,11472,1973,2015
90,Côte d'Ivoire,CIV,Africa,4320,13062,2013,2016
91,Côte d'Ivoire,CIV,Africa,4736,13786,2111,2017
92,Tuvalu,TUV,Oceania,0,184,1463,2000
93,Tuvalu,TUV,Oceania,0,191,1391,2001
94,Tuvalu,TUV,Oceania,0,203,1610,2002
95,Tuvalu,TUV,Oceania,0,216,1874,2003
96,Tuvalu,TUV,Oceania,0,209,2182,2004
97,Tuvalu,TUV,Oceania,0,263,2184,2005
98,Tuvalu,TUV,Oceania,0,315,2263,2006
99,Tuvalu,TUV,Oceania,0,358,2645,2007
100,Tuvalu,TUV,Oceania,0,400,2937,2008
101,Tuvalu,TUV,Oceania,0,413,2600,2009
102,Malaysia,MYS,Asia,18892,45815,4044,2000
103,Malaysia,MYS,Asia,16480,44727,3913,2001
104,Malaysia,MYS,Asia,27731,46941,4166,2002
105,Malaysia,MYS,Asia,30407,49357,4462,2003
106,Malaysia,MYS,Asia,23441,48541,4952,2004
107,Malaysia,MYS,Asia,24404,49081,6209,2006
108,Malaysia,MYS,Asia,30581,52574,7243,2007
109,Malaysia,MYS,Asia,41310,56178,8475,2008
110,Malaysia,MYS,Asia,57824,59777,7292,2009
111,Malaysia,MYS,Asia,64749,59450,9041,2010
112,Malaysia,MYS,Asia,63625,59704,10399,2011
113,Malaysia,MYS,Asia,56203,59440,10817,2012
114,Malaysia,MYS,Asia,99648,62504,11319,2014
115,Malaysia,MYS,Asia,111443,64725,9955,2015
116,Malaysia,MYS,Asia,124133,65087,9818,2016
117,Malaysia,MYS,Asia,100765,63276,10254,2017
118,Cyprus,CYP,Asia,2025,16741,14388,2000
119,Cyprus,CYP,Asia,2472,16707,14821,2001
120,Cyprus,CYP,Asia,3058,14182,16093,2002
121,Cyprus,CYP,Asia,5282,17132,20252,2003
122,Cyprus,CYP,Asia,6679,19104,23793,2004
123,Cyprus,CYP,Asia,4895,21443,24959,2005
124,Cyprus,CYP,Asia,5309,19295,26729,2006
125,Cyprus,CYP,Asia,5590,23129,31245,2007
126,Cyprus,CYP,Asia,7176,24470,35397,2008
127,Cyprus,CYP,Asia,9846,25806,32109,2009
128,Cyprus,CYP,Asia,10292,27118,31024,2010
129,Cyprus,CYP,Asia,8990,27049,32396,2011
130,Cyprus,CYP,Asia,7454,26918,28912,2012
131,Cyprus,CYP,Asia,4756,26313,27729,2013
132,Cyprus,CYP,Asia,4832,26038,27130,2014
133,Cyprus,CYP,Asia,6516,25535,23334,2015
134,Cyprus,CYP,Asia,7722,25434,24533,2016
135,Cyprus,CYP,Asia,10451,24457,26339,2017
136,Cyprus,CYP,Asia,11273,26494,28690,2018
137,Algeria,DZA,Africa,4677,24577,2610,2004
138,Algeria,DZA,Africa,5343,24730,3113,2005
139,Algeria,DZA,Africa,5863,25031,3479,2006
140,Algeria,DZA,Africa,5709,23088,3951,2007
141,Algeria,DZA,Africa,6067,22567,3883,2009
142,Algeria,DZA,Africa,6544,22888,4481,2010
143,Algeria,DZA,Africa,6529,24010,5456,2011
144,Algeria,DZA,Africa,7211,24839,5592,2012
145,Algeria,DZA,Africa,7403,21122,5500,2013
146,Algeria,DZA,Africa,7953,20719,5493,2014
147,Algeria,DZA,Africa,7967,20498,4178,2015
148,Algeria,DZA,Africa,7180,21937,3946,2016
149,Algeria,DZA,Africa,8546,25740,4044,2017
150,Algeria,DZA,Africa,8503,29718,4115,2018
151,United Arab Emirates,ARE,Asia,48653,8420,39195,2011
152,United Arab Emirates,ARE,Asia,54162,8509,40976,2012
153,United Arab Emirates,ARE,Asia,59227,8709,42413,2013
154,United Arab Emirates,ARE,Asia,64119,9427,43752,2014
155,United Arab Emirates,ARE,Asia,73445,10898,38663,2015
156,United Arab Emirates,ARE,Asia,77463,11718,38142,2016
157,Brazil,BRA,South America,1260,21723,2829,2002
158,Brazil,BRA,South America,1246,22755,3071,2003
159,Brazil,BRA,South America,1117,22348,3637,2004
160,Brazil,BRA,South America,16317,31897,8598,2009
161,Brazil,BRA,South America,14738,33749,11286,2010
162,Brazil,BRA,South America,14432,36055,13246,2011
163,Brazil,BRA,South America,15221,37586,12370,2012
164,Brazil,BRA,South America,19093,45270,12113,2014
165,Brazil,BRA,South America,19855,50808,8814,2015
166,Brazil,BRA,South America,19996,52513,8710,2016
167,Brazil,BRA,South America,20671,58876,9925,2017
168,Brazil,BRA,South America,21181,67183,9001,2018
169,Singapore,SGP,Asia,40401,18894,40007,2008
170,Singapore,SGP,Asia,48623,20077,38927,2009
171,Singapore,SGP,Asia,47915,20714,47237,2010
172,Singapore,SGP,Asia,52959,21340,53890,2011
173,Singapore,SGP,Asia,48938,22104,55546,2012
174,Singapore,SGP,Asia,53122,25293,56828,2016
175,Singapore,SGP,Asia,53204,23728,60914,2017
176,Singapore,SGP,Asia,51756,23752,66189,2018
177,Bulgaria,BGR,Europe,8117,14599,1621,2000
178,Bulgaria,BGR,Europe,8130,15592,1771,2001
179,Bulgaria,BGR,Europe,7998,17255,2093,2002
180,Bulgaria,BGR,Europe,8025,18486,2719,2003
181,Bulgaria,BGR,Europe,8286,18758,3390,2004
182,Bulgaria,BGR,Europe,8550,18955,3900,2005
183,Bulgaria,BGR,Europe,9361,19570,4523,2006
184,Bulgaria,BGR,Europe,9100,19299,5885,2007
185,Bulgaria,BGR,Europe,9268,19657,7266,2008
186,Bulgaria,BGR,Europe,9423,20992,6985,2009
187,Bulgaria,BGR,Europe,10060,22332,6810,2010
188,Bulgaria,BGR,Europe,10345,23522,7806,2011
189,Bulgaria,BGR,Europe,11214,24978,7393,2012
190,Bulgaria,BGR,Europe,11594,24880,7652,2013
191,Bulgaria,BGR,Europe,11282,24516,7874,2014
192,Bulgaria,BGR,Europe,11844,24333,7054,2015
193,Bulgaria,BGR,Europe,12201,24129,7546,2016
194,Bulgaria,BGR,Europe,13746,25090,8331,2017
195,Bulgaria,BGR,Europe,15155,25093,9424,2018
196,Jordan,JOR,Asia,12155,11604,1675,2000
197,Jordan,JOR,Asia,15816,12188,1903,2003
198,Jordan,JOR,Asia,23242,12078,2074,2004
199,Jordan,JOR,Asia,21481,12275,2214,2005
200,Jordan,JOR,Asia,21509,12877,2548,2006
201,Jordan,JOR,Asia,22541,13336,2774,2007
202,Jordan,JOR,Asia,26637,13797,3398,2008
203,Jordan,JOR,Asia,27683,14784,3504,2009
204,Jordan,JOR,Asia,27437,15141,3690,2010
205,Jordan,JOR,Asia,25072,15927,3816,2011
206,Jordan,JOR,Asia,27931,17032,3877,2012
207,Jordan,JOR,Asia,40378,22399,4105,2015
208,Jordan,JOR,Asia,47022,24591,4104,2016
209,Jordan,JOR,Asia,39577,24843,4163,2017
210,Jordan,JOR,Asia,44802,26484,4242,2018
211,Netherlands,NLD,Europe,14012,11265,26149,2000
212,Netherlands,NLD,Europe,16589,10948,26873,2001
213,Netherlands,NLD,Europe,18874,11152,29204,2002
214,Netherlands,NLD,Europe,20531,11627,35672,2003
215,Netherlands,NLD,Europe,26154,7595,40362,2004
216,Netherlands,NLD,Europe,26387,9324,41979,2005
217,Netherlands,NLD,Europe,27037,10016,44863,2006
218,Netherlands,NLD,Europe,27449,10479,51733,2007
219,Netherlands,NLD,Europe,30052,8322,57644,2008
220,Netherlands,NLD,Europe,23674,11264,52514,2009
221,Netherlands,NLD,Europe,27968,12622,50950,2010
222,Netherlands,NLD,Europe,38367,13544,54159,2011
223,Netherlands,NLD,Europe,57506,14983,50073,2012
224,Netherlands,NLD,Europe,68943,13648,52184,2013
225,Netherlands,NLD,Europe,70692,14831,52830,2014
226,Netherlands,NLD,Europe,86189,15217,45175,2015
227,Netherlands,NLD,Europe,89920,17027,46008,2016
228,Netherlands,NLD,Europe,96289,18487,48675,2017
229,Netherlands,NLD,Europe,104015,17560,53048,2018
230,China,CHN,Asia,36386,403174,2099,2006
231,China,CHN,Asia,42138,426716,2694,2007
232,China,CHN,Asia,51038,458102,3468,2008
233,China,CHN,Asia,61211,516357,3832,2009
234,China,CHN,Asia,71673,567984,4550,2010
235,China,CHN,Asia,79638,653174,5618,2011
236,China,CHN,Asia,88979,698522,6317,2012
237,China,CHN,Asia,96409,719436,7051,2013
238,China,CHN,Asia,108217,770784,7679,2014
239,China,CHN,Asia,123127,819855,8067,2015
240,China,CHN,Asia,137527,868319,8148,2016
241,China,CHN,Asia,157108,928365,8879,2017
242,China,CHN,Asia,178271,993367,9977,2018
243,Tunisia,TUN,Africa,2756,11600,2212,2000
244,Tunisia,TUN,Africa,2535,12421,2253,2001
245,Tunisia,TUN,Africa,2487,13613,2344,2002
246,Tunisia,TUN,Africa,2265,15181,2760,2003
247,Tunisia,TUN,Africa,2338,15359,3111,2004
248,Tunisia,TUN,Africa,2480,18003,4307,2008
249,Tunisia,TUN,Africa,2404,18714,4128,2009
250,Tunisia,TUN,Africa,2203,19505,4142,2010
251,Tunisia,TUN,Africa,2032,19416,4265,2011
252,Tunisia,TUN,Africa,1901,19073,4153,2012
253,Tunisia,TUN,Africa,6236,17040,4223,2013
254,Tunisia,TUN,Africa,6442,18873,3862,2015
255,Tunisia,TUN,Africa,6234,20674,3698,2016
256,Tunisia,TUN,Africa,6370,22345,3481,2017
257,Tunisia,TUN,Africa,6035,23730,3439,2018
258,Sao Tome and Principe,STP,Africa,0,559,0,2000
259,Sao Tome and Principe,STP,Africa,0,569,525,2001
260,Sao Tome and Principe,STP,Africa,0,606,578,2002
261,Sao Tome and Principe,STP,Africa,0,648,679,2003
262,Sao Tome and Principe,STP,Africa,0,728,745,2004
263,Sao Tome and Principe,STP,Africa,0,807,867,2005
264,Sao Tome and Principe,STP,Africa,0,964,897,2007
265,Sao Tome and Principe,STP,Africa,0,575,1099,2008
266,Benin,BEN,Africa,4086,5622,1121,2008
267,Benin,BEN,Africa,9060,5076,1037,2010
268,Benin,BEN,Africa,10294,5799,1291,2014
269,Benin,BEN,Africa,10363,6273,1077,2015
270,Benin,BEN,Africa,11479,6822,1087,2016
271,Benin,BEN,Africa,8867,7337,1137,2017
272,Benin,BEN,Africa,5965,7501,1241,2018
273,Ireland,IRL,Europe,7413,17587,26241,2000
274,Ireland,IRL,Europe,8207,15410,28228,2001
275,Ireland,IRL,Europe,9206,15211,32541,2002
276,Ireland,IRL,Europe,10201,15829,41107,2003
277,Ireland,IRL,Europe,12698,17408,47631,2004
278,Ireland,IRL,Europe,12887,19118,50878,2005
279,Ireland,IRL,Europe,12740,19761,54306,2006
280,Ireland,IRL,Europe,16758,19278,61360,2007
281,Ireland,IRL,Europe,12794,18060,61262,2008
282,Ireland,IRL,Europe,12937,18469,52105,2009
283,Ireland,IRL,Europe,13489,20075,48715,2010
284,Ireland,IRL,Europe,21018,20592,51849,2011
285,Ireland,IRL,Europe,11100,18545,48918,2012
286,Ireland,IRL,Europe,12861,16381,51590,2013
287,Ireland,IRL,Europe,14268,15405,55493,2014
288,Ireland,IRL,Europe,15815,15075,61995,2015
289,Ireland,IRL,Europe,17883,14717,63197,2016
290,Ireland,IRL,Europe,19983,15066,69822,2017
291,Ireland,IRL,Europe,22283,14974,78621,2018
292,Oman,OMN,Asia,210,10553,14421,2006
293,Oman,OMN,Asia,165,10233,15838,2007
294,Oman,OMN,Asia,1387,10639,22140,2008
295,Oman,OMN,Asia,1438,10159,16824,2009
296,Oman,OMN,Asia,1787,10087,18757,2010
297,Oman,OMN,Asia,2108,9788,20921,2011
298,Oman,OMN,Asia,2568,11488,20927,2013
299,Oman,OMN,Asia,3108,12975,20132,2014
300,Oman,OMN,Asia,3571,15316,16029,2015
301,Oman,OMN,Asia,3878,16615,14619,2016
302,Oman,OMN,Asia,3044,16285,15131,2017
303,Oman,OMN,Asia,3263,16306,16415,2018
304,Congo,COG,Africa,51,7239,1026,2003
305,Congo,COG,Africa,52,7320,1324,2004
306,Congo,COG,Africa,39,10549,3287,2011
307,Congo,COG,Africa,344,9009,3048,2013
308,Greece,GRC,Europe,8615,49537,14110,2002
309,Greece,GRC,Europe,12456,45102,18478,2003
310,Greece,GRC,Europe,14361,42144,21955,2004
311,Greece,GRC,Europe,15690,37510,22552,2005
312,Greece,GRC,Europe,16558,34043,24801,2006
313,Greece,GRC,Europe,21160,31663,28827,2007
314,Greece,GRC,Europe,26835,28865,26918,2010
315,Greece,GRC,Europe,32828,29350,25916,2011
316,Greece,GRC,Europe,29012,34031,22243,2012
317,Greece,GRC,Europe,27600,33937,21875,2013
318,Greece,GRC,Europe,23734,35711,18116,2016
319,Greece,GRC,Europe,25067,37964,18930,2017
320,Greece,GRC,Europe,26325,39096,20324,2018
321,Guyana,GUY,South America,0,1094,1056,2004
322,Guyana,GUY,South America,43,1119,1105,2005
323,Guyana,GUY,South America,34,1440,2331,2007
324,Guyana,GUY,South America,37,1598,2757,2009
325,Guyana,GUY,South America,40,840,3033,2010
326,Guyana,GUY,South America,45,1666,3425,2011
327,Guyana,GUY,South America,34,1542,3788,2012
328,El Salvador,SLV,North America,562,1658,2002,2000
329,El Salvador,SLV,North America,539,1749,2072,2001
330,El Salvador,SLV,North America,501,2053,2124,2002
331,El Salvador,SLV,North America,525,2372,2209,2003
332,El Salvador,SLV,North America,542,2285,2278,2004
333,El Salvador,SLV,North America,534,2367,2429,2005
334,El Salvador,SLV,North America,621,2490,2632,2006
335,El Salvador,SLV,North America,768,2877,2786,2007
336,El Salvador,SLV,North America,870,2921,2933,2008
337,El Salvador,SLV,North America,754,3235,2858,2009
338,El Salvador,SLV,North America,764,3381,2983,2010
339,El Salvador,SLV,North America,784,2530,3266,2011
340,El Salvador,SLV,North America,688,3207,3428,2012
341,El Salvador,SLV,North America,755,3279,3510,2013
342,El Salvador,SLV,North America,705,3395,3589,2014
343,El Salvador,SLV,North America,689,4053,3706,2015
344,El Salvador,SLV,North America,711,4364,3806,2016
345,El Salvador,SLV,North America,658,4548,3910,2017
346,El Salvador,SLV,North America,980,4553,4068,2018
347,Yemen,YEM,Asia,6423,9335,1017,2007
348,Yemen,YEM,Asia,11393,13511,1375,2011
349,Thailand,THA,Asia,2508,21987,1893,2001
350,Thailand,THA,Asia,4092,25617,2096,2002
351,Thailand,THA,Asia,4170,25420,2660,2004
352,Thailand,THA,Asia,4334,25058,2894,2005
353,Thailand,THA,Asia,5601,25436,3370,2006
354,Thailand,THA,Asia,8534,26408,3973,2007
355,Thailand,THA,Asia,10915,26075,4380,2008
356,Thailand,THA,Asia,16361,26841,4213,2009
357,Thailand,THA,Asia,19052,27987,5076,2010
358,Thailand,THA,Asia,20155,27196,5492,2011
359,Thailand,THA,Asia,20309,26600,5861,2012
360,Thailand,THA,Asia,31571,30777,5994,2016
361,United States,USA,North America,475169,45099,36335,2000
362,United States,USA,North America,475168,49656,37133,2001
363,United States,USA,North America,582996,54606,38023,2002
364,United States,USA,North America,586316,54582,39496,2003
365,United States,USA,North America,572509,54736,41713,2004
366,United States,USA,North America,590158,57767,44115,2005
367,United States,USA,North America,584719,60270,46299,2006
368,United States,USA,North America,595874,64140,47976,2007
369,United States,USA,North America,624474,63507,48383,2008
370,United States,USA,North America,660581,65823,47100,2009
371,United States,USA,North America,684807,67165,48468,2010
372,United States,USA,North America,709565,70489,49887,2011
373,United States,USA,North America,740482,72063,51611,2012
374,United States,USA,North America,784427,75650,53118,2013
375,United States,USA,North America,842384,77963,55048,2014
376,United States,USA,North America,907251,80560,56823,2015
377,United States,USA,North America,971417,83984,57928,2016
378,United States,USA,North America,984897,86596,59958,2017
379,United States,USA,North America,987313,84349,62840,2018
380,Lebanon,LBN,Asia,14008,9018,4492,2000
381,Lebanon,LBN,Asia,14770,10038,4422,2001
382,Lebanon,LBN,Asia,15186,11748,4579,2002
383,Lebanon,LBN,Asia,12210,12896,4576,2003
384,Lebanon,LBN,Asia,13930,13210,4631,2004
385,Lebanon,LBN,Asia,14073,12950,4575,2005
386,Lebanon,LBN,Asia,17199,13671,4627,2006
387,Lebanon,LBN,Asia,22674,13569,5208,2007
388,Lebanon,LBN,Asia,30436,13003,7762,2010
389,Lebanon,LBN,Asia,33178,13005,7675,2011
390,Lebanon,LBN,Asia,27230,12645,7951,2012
391,Lebanon,LBN,Asia,17495,13942,7686,2014
392,Lebanon,LBN,Asia,21332,14814,7645,2015
393,Lebanon,LBN,Asia,19621,16189,7630,2016
394,Lebanon,LBN,Asia,19670,17944,7801,2017
395,Lebanon,LBN,Asia,21518,18193,8025,2018
396,Honduras,HND,North America,819,2006,1145,2003
397,Honduras,HND,North America,1238,3048,1904,2010
398,Honduras,HND,North America,1582,3226,2144,2012
399,Honduras,HND,North America,1636,3594,2103,2013
400,Honduras,HND,North America,1289,3774,2206,2014
401,Honduras,HND,North America,1494,4279,2302,2015
402,Honduras,HND,North America,2426,4490,2343,2016
403,Honduras,HND,North America,2782,4801,2454,2017
404,Honduras,HND,North America,2516,5017,2506,2018
405,Finland,FIN,Europe,5570,9881,24285,2000
406,Finland,FIN,Europe,6288,9753,24946,2001
407,Finland,FIN,Europe,6760,10014,26870,2002
408,Finland,FIN,Europe,7361,10274,32855,2003
409,Finland,FIN,Europe,7915,5768,37703,2004
410,Finland,FIN,Europe,8442,5682,39040,2005
411,Finland,FIN,Europe,11514,6008,41188,2006
412,Finland,FIN,Europe,10066,6041,48415,2007
413,Finland,FIN,Europe,11303,6644,53554,2008
414,Finland,FIN,Europe,12596,7172,47294,2009
415,Finland,FIN,Europe,14097,7439,46460,2010
416,Finland,FIN,Europe,15707,7718,51082,2011
417,Finland,FIN,Europe,17636,8149,47711,2012
418,Finland,FIN,Europe,21859,8295,49878,2013
419,Finland,FIN,Europe,22757,8839,50260,2014
420,Finland,FIN,Europe,23142,9339,42785,2015
421,Finland,FIN,Europe,23197,10181,43784,2016
422,Finland,FIN,Europe,24168,10958,46317,2017
423,Finland,FIN,Europe,23714,11358,50021,2018
424,Tokelau,TKL,Oceania,0,7,0,2000
425,Tokelau,TKL,Oceania,0,7,0,2001
426,Tokelau,TKL,Oceania,0,7,0,2002
427,Tokelau,TKL,Oceania,0,7,0,2003
428,Tokelau,TKL,Oceania,0,7,0,2004
429,Tokelau,TKL,Oceania,0,21,0,2005
430,Tokelau,TKL,Oceania,0,36,0,2006
431,Tokelau,TKL,Oceania,0,52,0,2007
432,Tokelau,TKL,Oceania,0,65,0,2008
433,Estonia,EST,Europe,863,3562,4076,2000
434,Estonia,EST,Europe,605,4022,4509,2001
435,Estonia,EST,Europe,454,3489,5345,2002
436,Estonia,EST,Europe,1090,3967,7206,2003
437,Estonia,EST,Europe,830,3259,8913,2004
438,Estonia,EST,Europe,1061,3310,10406,2005
439,Estonia,EST,Europe,1061,3253,12632,2006
440,Estonia,EST,Europe,966,3140,16742,2007
441,Estonia,EST,Europe,1032,3420,18227,2008
442,Estonia,EST,Europe,1087,3717,14795,2009
443,Estonia,EST,Europe,1230,3956,14791,2010
444,Estonia,EST,Europe,1430,4272,17622,2011
445,Estonia,EST,Europe,1573,4473,17534,2012
446,Estonia,EST,Europe,1876,4179,19174,2013
447,Estonia,EST,Europe,2230,4190,20367,2014
448,Estonia,EST,Europe,2859,4333,17522,2015
449,Estonia,EST,Europe,3476,4022,18237,2016
450,Estonia,EST,Europe,3913,3891,20388,2017
451,Estonia,EST,Europe,4391,3666,23258,2018
452,Mongolia,MNG,Asia,231,2127,474,2000
453,Mongolia,MNG,Asia,240,2435,524,2001
454,Mongolia,MNG,Asia,190,3377,646,2003
455,Mongolia,MNG,Asia,418,3822,798,2004
456,Mongolia,MNG,Asia,762,4255,999,2005
457,Mongolia,MNG,Asia,1070,4816,1334,2006
458,Mongolia,MNG,Asia,1111,5831,1633,2007
459,Mongolia,MNG,Asia,1207,8108,2137,2008
460,Mongolia,MNG,Asia,1106,9133,1714,2009
461,Mongolia,MNG,Asia,996,9794,2643,2010
462,Mongolia,MNG,Asia,1039,10512,3758,2011
463,Mongolia,MNG,Asia,1058,10488,4352,2012
464,Mongolia,MNG,Asia,1098,9141,4366,2013
465,Mongolia,MNG,Asia,1130,9610,4159,2014
466,Mongolia,MNG,Asia,1245,9737,3919,2015
467,Mongolia,MNG,Asia,1450,10155,3660,2016
468,Mongolia,MNG,Asia,1520,10583,3669,2017
469,Mongolia,MNG,Asia,1636,11892,4135,2018
470,Belarus,BLR,Europe,2684,7271,1276,2000
471,Belarus,BLR,Europe,1794,6883,1244,2001
472,Belarus,BLR,Europe,2626,8496,1479,2002
473,Belarus,BLR,Europe,1011,7371,1820,2003
474,Belarus,BLR,Europe,2428,10028,2379,2004
475,Belarus,BLR,Europe,3597,10488,3126,2005
476,Belarus,BLR,Europe,3544,11677,3847,2006
477,Belarus,BLR,Europe,4423,14116,4736,2007
478,Belarus,BLR,Europe,5909,29118,6377,2008
479,Belarus,BLR,Europe,6881,27963,5351,2009
480,Belarus,BLR,Europe,8554,34378,6029,2010
481,Belarus,BLR,Europe,10193,40218,6519,2011
482,Belarus,BLR,Europe,12131,41441,6940,2012
483,Belarus,BLR,Europe,13541,38154,7979,2013
484,Belarus,BLR,Europe,14924,35102,8319,2014
485,Belarus,BLR,Europe,15884,28908,5949,2015
486,Belarus,BLR,Europe,16548,25767,5023,2016
487,Belarus,BLR,Europe,17570,22419,5762,2017
488,Belarus,BLR,Europe,16886,22557,6330,2018
489,Switzerland,CHE,Europe,26003,7292,37868,2000
490,Switzerland,CHE,Europe,27765,8835,38539,2001
491,Switzerland,CHE,Europe,29301,8981,41376,2002
492,Switzerland,CHE,Europe,32847,9493,48088,2003
493,Switzerland,CHE,Europe,35705,9991,53340,2004
494,Switzerland,CHE,Europe,36792,9753,54953,2005
495,Switzerland,CHE,Europe,36680,10344,57580,2006
496,Switzerland,CHE,Europe,38317,10764,63555,2007
497,Switzerland,CHE,Europe,31706,10715,72488,2008
498,Switzerland,CHE,Europe,34847,11261,69927,2009
499,Switzerland,CHE,Europe,38195,11592,74606,2010
500,Switzerland,CHE,Europe,41803,11953,88416,2011
501,Switzerland,CHE,Europe,44468,11779,83538,2012
502,Switzerland,CHE,Europe,47142,12208,85112,2013
503,Switzerland,CHE,Europe,49552,12333,86606,2014
504,Switzerland,CHE,Europe,50591,12729,82082,2015
505,Switzerland,CHE,Europe,51911,13419,80172,2016
506,Switzerland,CHE,Europe,53368,14373,80450,2017
507,Switzerland,CHE,Europe,54279,16470,82818,2018
508,Lesotho,LSO,Africa,116,4676,574,2003
509,Lesotho,LSO,Africa,53,3951,905,2006
510,Lesotho,LSO,Africa,127,2893,1254,2012
511,Lesotho,LSO,Africa,104,2886,1194,2013
512,Lesotho,LSO,Africa,93,2914,1223,2014
513,Lesotho,LSO,Africa,70,2764,1152,2015
514,Lesotho,LSO,Africa,74,3034,1150,2017
515,Lesotho,LSO,Africa,76,3041,1222,2018
516,Montserrat,MSR,North America,0,17,0,2000
517,Montserrat,MSR,North America,0,17,0,2001
518,Montserrat,MSR,North America,0,19,0,2002
519,Montserrat,MSR,North America,0,24,0,2003
520,Montserrat,MSR,North America,0,55,0,2004
521,Montserrat,MSR,North America,0,65,0,2005
522,Montserrat,MSR,North America,0,52,0,2006
523,Montserrat,MSR,North America,0,62,0,2007
524,Montserrat,MSR,North America,0,54,0,2009
525,France,FRA,Europe,137085,49790,22364,2000
526,France,FRA,Europe,147402,51930,22434,2001
527,France,FRA,Europe,165437,55045,24177,2002
528,France,FRA,Europe,221567,56709,29568,2003
529,France,FRA,Europe,237587,45780,33741,2004
530,France,FRA,Europe,236518,48527,34760,2005
531,France,FRA,Europe,247510,53248,36444,2006
532,France,FRA,Europe,246612,54638,41508,2007
533,France,FRA,Europe,243436,46997,45334,2008
534,France,FRA,Europe,249143,53286,41575,2009
535,France,FRA,Europe,259935,57430,40638,2010
536,France,FRA,Europe,268212,60474,43791,2011
537,France,FRA,Europe,271399,64226,40875,2012
538,France,FRA,Europe,228639,76654,42593,2013
539,France,FRA,Europe,235123,82073,43011,2014
540,France,FRA,Europe,239409,86684,36638,2015
541,France,FRA,Europe,245349,90842,37037,2016
542,France,FRA,Europe,258380,89412,38812,2017
543,France,FRA,Europe,229623,99488,41631,2018
544,Bosnia and Herzegovina,BIH,Europe,5188,11454,5093,2011
545,Bosnia and Herzegovina,BIH,Europe,6296,11040,4779,2012
546,Bosnia and Herzegovina,BIH,Europe,7300,10766,5131,2013
547,Bosnia and Herzegovina,BIH,Europe,8147,10486,5330,2014
548,Bosnia and Herzegovina,BIH,Europe,8106,11077,4727,2015
549,Bosnia and Herzegovina,BIH,Europe,7810,12209,4995,2016
550,Bosnia and Herzegovina,BIH,Europe,7275,15436,5395,2017
551,Bosnia and Herzegovina,BIH,Europe,7083,15399,6072,2018
552,Seychelles,SYC,Africa,0,361,7579,2000
553,Seychelles,SYC,Africa,0,353,7663,2001
554,Seychelles,SYC,Africa,0,381,8331,2002
555,Seychelles,SYC,Africa,0,424,8525,2003
556,Seychelles,SYC,Africa,0,518,11093,2005
557,Seychelles,SYC,Africa,0,484,12014,2006
558,Seychelles,SYC,Africa,0,510,11123,2008
559,Seychelles,SYC,Africa,0,457,9707,2009
560,Seychelles,SYC,Africa,0,431,10805,2010
561,Seychelles,SYC,Africa,0,409,12189,2011
562,Seychelles,SYC,Africa,0,474,12007,2012
563,Seychelles,SYC,Africa,0,475,14766,2013
564,Seychelles,SYC,Africa,0,442,14700,2014
565,Seychelles,SYC,Africa,0,416,14745,2015
566,Seychelles,SYC,Africa,0,531,15069,2016
567,Seychelles,SYC,Africa,0,498,15906,2017
568,Seychelles,SYC,Africa,0,544,16391,2018
569,American Samoa,ASM,Oceania,0,0,8909,2007
570,Saudi Arabia,SAU,Asia,7561,10820,9171,2000
571,Saudi Arabia,SAU,Asia,21395,11563,9610,2003
572,Saudi Arabia,SAU,Asia,12199,11879,11185,2004
573,Saudi Arabia,SAU,Asia,12999,12576,13791,2005
574,Saudi Arabia,SAU,Asia,13687,13875,15385,2006
575,Saudi Arabia,SAU,Asia,17716,20213,16517,2007
576,Saudi Arabia,SAU,Asia,18725,24930,20078,2008
577,Saudi Arabia,SAU,Asia,19906,31453,16113,2009
578,Saudi Arabia,SAU,Asia,26871,42697,19263,2010
579,Saudi Arabia,SAU,Asia,34922,51714,23746,2011
580,Saudi Arabia,SAU,Asia,46566,64613,25243,2012
581,Saudi Arabia,SAU,Asia,62143,74981,24845,2013
582,Saudi Arabia,SAU,Asia,71773,84195,24464,2014
583,Saudi Arabia,SAU,Asia,73077,86245,20628,2015
584,Saudi Arabia,SAU,Asia,79854,90240,19879,2016
585,Saudi Arabia,SAU,Asia,78344,84246,20804,2017
586,Saudi Arabia,SAU,Asia,73977,77406,23339,2018
587,Italy,ITA,Europe,24929,39160,20088,2000
588,Italy,ITA,Europe,29228,39711,20483,2001
589,Italy,ITA,Europe,28447,39443,22270,2002
590,Italy,ITA,Europe,36137,40565,27466,2003
591,Italy,ITA,Europe,40641,32030,31260,2004
592,Italy,ITA,Europe,44921,31854,32043,2005
593,Italy,ITA,Europe,49090,31371,33502,2006
594,Italy,ITA,Europe,57271,32985,37823,2007
595,Italy,ITA,Europe,68306,32942,40778,2008
596,Italy,ITA,Europe,65873,36690,37080,2009
597,Italy,ITA,Europe,69905,40510,36001,2010
598,Italy,ITA,Europe,73584,44238,38599,2011
599,Italy,ITA,Europe,77732,47874,35054,2012
600,Italy,ITA,Europe,82450,50291,35550,2013
601,Italy,ITA,Europe,87544,54861,35518,2014
602,Italy,ITA,Europe,90419,60922,30230,2015
603,Italy,ITA,Europe,92655,67191,30940,2016
604,Italy,ITA,Europe,97563,74761,32407,2017
605,Italy,ITA,Europe,106611,75954,34520,2018
606,Madagascar,MDG,Africa,1199,3391,319,2002
607,Madagascar,MDG,Africa,1219,4026,284,2004
608,Madagascar,MDG,Africa,1226,4206,320,2005
609,Madagascar,MDG,Africa,1182,4314,339,2006
610,Madagascar,MDG,Africa,1080,4232,439,2007
611,Madagascar,MDG,Africa,1066,4207,536,2008
612,Madagascar,MDG,Africa,1237,4289,468,2009
613,Madagascar,MDG,Africa,1313,4361,472,2010
614,Madagascar,MDG,Africa,1432,4809,531,2011
615,Madagascar,MDG,Africa,1567,4890,518,2012
616,Madagascar,MDG,Africa,1694,4291,541,2013
617,Madagascar,MDG,Africa,1997,4357,531,2014
618,Madagascar,MDG,Africa,2121,4446,467,2015
619,Madagascar,MDG,Africa,2154,4553,476,2016
620,Madagascar,MDG,Africa,2404,4794,515,2017
621,Madagascar,MDG,Africa,1935,4623,528,2018
622,"China, Hong Kong Special Administrative Region",HKG,Asia,1882,27834,25230,2001
623,"China, Hong Kong Special Administrative Region",HKG,Asia,2355,31499,24666,2002
624,"China, Hong Kong Special Administrative Region",HKG,Asia,2657,34808,23977,2003
625,"China, Hong Kong Special Administrative Region",HKG,Asia,3270,33757,24928,2004
626,"China, Hong Kong Special Administrative Region",HKG,Asia,3817,33892,26650,2005
627,"China, Hong Kong Special Administrative Region",HKG,Asia,4905,31407,28224,2006
628,"China, Hong Kong Special Administrative Region",HKG,Asia,6274,33126,30594,2007
629,"China, Hong Kong Special Administrative Region",HKG,Asia,7362,33616,31516,2008
630,"China, Hong Kong Special Administrative Region",HKG,Asia,9245,33129,30697,2009
631,"China, Hong Kong Special Administrative Region",HKG,Asia,10325,32768,32550,2010
632,"China, Hong Kong Special Administrative Region",HKG,Asia,17959,31288,35142,2011
633,"China, Hong Kong Special Administrative Region",HKG,Asia,21100,30750,36731,2012
634,"China, Hong Kong Special Administrative Region",HKG,Asia,26731,32074,38404,2013
635,"China, Hong Kong Special Administrative Region",HKG,Asia,30013,33882,40315,2014
636,"China, Hong Kong Special Administrative Region",HKG,Asia,31955,36272,42432,2015
637,"China, Hong Kong Special Administrative Region",HKG,Asia,32004,37185,43731,2016
638,"China, Hong Kong Special Administrative Region",HKG,Asia,34348,36448,46166,2017
639,"China, Hong Kong Special Administrative Region",HKG,Asia,37297,36420,48543,2018
640,Liechtenstein,LIE,Europe,412,681,100266,2004
641,Liechtenstein,LIE,Europe,573,860,114391,2006
642,Liechtenstein,LIE,Europe,582,888,130656,2007
643,Liechtenstein,LIE,Europe,653,868,143256,2008
644,Liechtenstein,LIE,Europe,561,901,126082,2009
645,Liechtenstein,LIE,Europe,592,971,141200,2010
646,Liechtenstein,LIE,Europe,777,982,158157,2011
647,Liechtenstein,LIE,Europe,774,945,149010,2012
648,Liechtenstein,LIE,Europe,708,969,178846,2014
649,Liechtenstein,LIE,Europe,657,1004,167291,2015
650,Liechtenstein,LIE,Europe,688,1028,165629,2016
651,Liechtenstein,LIE,Europe,703,1037,173356,2017
652,Liechtenstein,LIE,Europe,751,1085,0,2018
653,Hungary,HUN,Europe,9904,5927,4624,2000
654,Hungary,HUN,Europe,11242,6118,5276,2001
655,Hungary,HUN,Europe,11782,6530,6655,2002
656,Hungary,HUN,Europe,12226,6660,8421,2003
657,Hungary,HUN,Europe,12913,6041,10286,2004
658,Hungary,HUN,Europe,13601,6311,11201,2005
659,Hungary,HUN,Europe,14491,6426,11476,2006
660,Hungary,HUN,Europe,15110,6677,13919,2007
661,Hungary,HUN,Europe,15459,6774,15753,2008
662,Hungary,HUN,Europe,14518,7247,13046,2009
663,Hungary,HUN,Europe,15606,7831,13114,2010
664,Hungary,HUN,Europe,16465,8087,14151,2011
665,Hungary,HUN,Europe,17520,7855,12918,2012
666,Hungary,HUN,Europe,20694,8842,13687,2013
667,Hungary,HUN,Europe,23208,9566,14246,2014
668,Hungary,HUN,Europe,21707,10643,12652,2015
669,Hungary,HUN,Europe,26155,11634,12992,2016
670,Hungary,HUN,Europe,28628,12397,14458,2017
671,Hungary,HUN,Europe,32332,12865,16151,2018
672,Iran,IRN,Asia,1450,19291,2254,2003
673,Iran,IRN,Asia,1791,20900,2756,2004
674,Iran,IRN,Asia,1932,23364,3246,2005
675,Iran,IRN,Asia,2322,25082,3774,2006
676,Iran,IRN,Asia,2092,29543,4905,2007
677,Iran,IRN,Asia,1233,33172,5717,2008
678,Iran,IRN,Asia,1451,39737,5710,2009
679,Iran,IRN,Asia,3182,44554,6600,2010
680,Iran,IRN,Asia,4342,50404,7781,2011
681,Iran,IRN,Asia,4512,51556,7928,2012
682,Iran,IRN,Asia,7057,49493,6018,2013
683,Iran,IRN,Asia,11288,50823,5586,2014
684,Iran,IRN,Asia,18698,52771,5253,2016
685,Iran,IRN,Asia,21036,53220,5520,2017
686,Iran,IRN,Asia,20580,56376,0,2018
687,Colombia,COL,South America,3868,33753,8114,2014
688,Colombia,COL,South America,4323,35108,6176,2015
689,Colombia,COL,South America,3936,36477,5871,2016
690,Colombia,COL,South America,4550,44449,6378,2017
691,Colombia,COL,South America,4764,46631,6719,2018
692,Turkmenistan,TKM,Asia,87,47543,7962,2014
693,Cook Islands,COK,Oceania,0,327,0,2000
694,Cook Islands,COK,Oceania,0,290,0,2001
695,Cook Islands,COK,Oceania,0,286,0,2002
696,Cook Islands,COK,Oceania,0,294,0,2003
697,Cook Islands,COK,Oceania,0,286,0,2004
698,Cook Islands,COK,Oceania,0,270,0,2005
699,Cook Islands,COK,Oceania,0,266,0,2006
700,Cook Islands,COK,Oceania,0,236,0,2007
701,Cook Islands,COK,Oceania,0,228,0,2008
702,Cook Islands,COK,Oceania,0,215,0,2009
703,Cook Islands,COK,Oceania,0,236,0,2010
704,Cook Islands,COK,Oceania,0,210,0,2011
705,Fiji,FJI,Oceania,4211,1639,3335,2004
706,Fiji,FJI,Oceania,7444,1728,4168,2008
707,Slovenia,SVN,Europe,778,5515,10201,2000
708,Slovenia,SVN,Europe,864,1811,10480,2001
709,Slovenia,SVN,Europe,951,1917,11777,2002
710,Slovenia,SVN,Europe,963,2112,14849,2003
711,Slovenia,SVN,Europe,888,2208,17233,2004
712,Slovenia,SVN,Europe,1088,2345,18099,2005
713,Slovenia,SVN,Europe,1089,2337,19673,2006
714,Slovenia,SVN,Europe,1195,2266,23788,2007
715,Slovenia,SVN,Europe,1361,2286,27483,2008
716,Slovenia,SVN,Europe,2031,2417,24694,2009
717,Slovenia,SVN,Europe,1934,2434,23510,2010
718,Slovenia,SVN,Europe,1976,2545,25095,2011
719,Slovenia,SVN,Europe,2357,2425,22643,2012
720,Slovenia,SVN,Europe,2563,2615,23497,2013
721,Slovenia,SVN,Europe,2489,2505,24215,2014
722,Slovenia,SVN,Europe,2354,2728,20882,2015
723,Slovenia,SVN,Europe,2675,2893,21623,2016
724,Slovenia,SVN,Europe,3090,3323,23501,2017
725,Slovenia,SVN,Europe,3420,3195,26055,2018
726,Bermuda,BMU,North America,70,1153,88463,2009
727,Bermuda,BMU,North America,76,1192,88207,2010
728,Bermuda,BMU,North America,92,1221,85973,2011
729,Bermuda,BMU,North America,86,1433,85458,2012
730,Bermuda,BMU,North America,230,1629,0,2014
731,Bermuda,BMU,North America,171,1707,0,2015
732,Bermuda,BMU,North America,150,1640,0,2017
733,Bermuda,BMU,North America,69,1600,0,2018
734,Ecuador,ECU,South America,3376,12958,5682,2012
735,Ecuador,ECU,South America,3261,15758,6377,2014
736,Ecuador,ECU,South America,5201,17306,6124,2015
737,Ecuador,ECU,South America,6942,18763,6060,2016
738,Ecuador,ECU,South America,6302,23110,6296,2018
739,Guinea,GIN,Africa,371,3882,411,2004
740,Guinea,GIN,Africa,899,5025,453,2006
741,Guinea,GIN,Africa,748,5743,715,2008
742,Guinea,GIN,Africa,1352,7187,651,2011
743,Guinea,GIN,Africa,930,7093,717,2012
744,Guinea,GIN,Africa,395,9039,857,2017
745,Eswatini,SWZ,Africa,109,1378,1729,2000
746,Eswatini,SWZ,Africa,121,1629,1522,2001
747,Eswatini,SWZ,Africa,127,2095,1405,2002
748,Eswatini,SWZ,Africa,122,3185,3177,2006
749,Eswatini,SWZ,Africa,79,4411,4497,2011
750,Eswatini,SWZ,Africa,41,2815,4230,2013
751,Eswatini,SWZ,Africa,46,2819,4039,2014
752,Eswatini,SWZ,Africa,46,2609,3690,2015
753,Cambodia,KHM,Asia,36,1755,321,2001
754,Cambodia,KHM,Asia,39,1937,339,2002
755,Cambodia,KHM,Asia,40,2460,409,2004
756,Cambodia,KHM,Asia,68,2607,540,2006
757,Tajikistan,TJK,Asia,4750,1472,138,2000
758,Tajikistan,TJK,Asia,2577,1638,171,2001
759,Tajikistan,TJK,Asia,3910,2216,190,2002
760,Tajikistan,TJK,Asia,2208,2491,238,2003
761,Tajikistan,TJK,Asia,2208,2501,312,2004
762,Tajikistan,TJK,Asia,1001,3082,341,2005
763,Tajikistan,TJK,Asia,1065,2984,409,2006
764,Tajikistan,TJK,Asia,2829,3254,527,2007
765,Tajikistan,TJK,Asia,3001,5330,716,2008
766,Tajikistan,TJK,Asia,3214,6284,676,2009
767,Tajikistan,TJK,Asia,3380,8370,750,2010
768,Tajikistan,TJK,Asia,3477,8690,847,2011
769,Tajikistan,TJK,Asia,3107,8522,969,2012
770,Tajikistan,TJK,Asia,1666,10328,1048,2013
771,Tajikistan,TJK,Asia,1158,12919,1104,2014
772,Tajikistan,TJK,Asia,1866,15722,929,2015
773,Tajikistan,TJK,Asia,1562,20777,803,2016
774,Tajikistan,TJK,Asia,2238,19781,806,2017
775,Azerbaijan,AZE,Asia,3613,4851,2473,2006
776,Azerbaijan,AZE,Asia,4286,5110,3851,2007
777,Azerbaijan,AZE,Asia,5464,7515,5575,2008
778,Azerbaijan,AZE,Asia,6316,10295,4950,2009
779,Azerbaijan,AZE,Asia,5726,14493,5843,2010
780,Azerbaijan,AZE,Asia,5074,19202,7190,2011
781,Azerbaijan,AZE,Asia,4628,16870,7496,2012
782,Azerbaijan,AZE,Asia,4441,22311,7876,2013
783,Azerbaijan,AZE,Asia,4406,32631,7891,2014
784,Azerbaijan,AZE,Asia,4189,40013,5500,2015
785,Azerbaijan,AZE,Asia,4170,44145,3881,2016
786,Azerbaijan,AZE,Asia,4274,42791,4147,2017
787,Azerbaijan,AZE,Asia,4696,43767,4740,2018
788,Turkey,TUR,Asia,17654,30477,4317,2000
789,Turkey,TUR,Asia,16656,30930,3120,2001
790,Turkey,TUR,Asia,16328,33755,3660,2002
791,Turkey,TUR,Asia,12729,33495,4718,2003
792,Turkey,TUR,Asia,15298,33374,6041,2004
793,Turkey,TUR,Asia,18166,35397,7384,2005
794,Turkey,TUR,Asia,19079,35724,8035,2006
795,Turkey,TUR,Asia,19257,37492,9712,2007
796,Turkey,TUR,Asia,20219,40457,10854,2008
797,Turkey,TUR,Asia,21898,43949,9039,2009
798,Turkey,TUR,Asia,25838,45363,10672,2010
799,Turkey,TUR,Asia,31118,46494,11336,2011
800,Turkey,TUR,Asia,38590,46601,11707,2012
801,Turkey,TUR,Asia,54387,45313,12519,2013
802,Turkey,TUR,Asia,48183,45189,12096,2014
803,Turkey,TUR,Asia,72178,45684,10949,2015
804,Turkey,TUR,Asia,87903,45545,10821,2016
805,Turkey,TUR,Asia,108076,45736,10514,2017
806,Turkey,TUR,Asia,125138,47546,9370,2018
807,Cayman Islands,CYM,North America,143,21,0,2001
808,Cayman Islands,CYM,North America,200,360,83323,2006
809,Cayman Islands,CYM,North America,210,389,85434,2007
810,Cayman Islands,CYM,North America,346,357,85188,2008
811,Lao People's Democratic Republic,LAO,Asia,75,1256,325,2000
812,Lao People's Democratic Republic,LAO,Asia,124,1100,327,2001
813,Lao People's Democratic Republic,LAO,Asia,129,1224,320,2002
814,Lao People's Democratic Republic,LAO,Asia,95,1568,363,2003
815,Lao People's Democratic Republic,LAO,Asia,215,1998,418,2004
816,Lao People's Democratic Republic,LAO,Asia,174,2382,476,2005
817,Lao People's Democratic Republic,LAO,Asia,174,3022,591,2006
818,Lao People's Democratic Republic,LAO,Asia,254,3501,710,2007
819,Lao People's Democratic Republic,LAO,Asia,332,3893,900,2008
820,Lao People's Democratic Republic,LAO,Asia,680,4293,949,2009
821,Lao People's Democratic Republic,LAO,Asia,725,3888,1141,2010
822,Lao People's Democratic Republic,LAO,Asia,786,4161,1378,2011
823,Lao People's Democratic Republic,LAO,Asia,588,4368,1581,2012
824,Lao People's Democratic Republic,LAO,Asia,317,4823,1826,2013
825,Lao People's Democratic Republic,LAO,Asia,543,3376,1998,2014
826,Lao People's Democratic Republic,LAO,Asia,315,3513,2135,2015
827,Lao People's Democratic Republic,LAO,Asia,451,6276,2309,2016
828,Lao People's Democratic Republic,LAO,Asia,472,5068,2424,2017
829,Lao People's Democratic Republic,LAO,Asia,495,6558,2542,2018
830,Czechia,CZE,Europe,5468,4542,6012,2000
831,Czechia,CZE,Europe,7750,4943,6609,2001
832,Czechia,CZE,Europe,9753,5421,8033,2002
833,Czechia,CZE,Europe,10338,5935,9773,2003
834,Czechia,CZE,Europe,14923,5612,11686,2004
835,Czechia,CZE,Europe,18522,5824,13346,2005
836,Czechia,CZE,Europe,21395,6318,15184,2006
837,Czechia,CZE,Europe,24483,6710,18374,2007
838,Czechia,CZE,Europe,27907,9086,22699,2008
839,Czechia,CZE,Europe,30624,10356,19742,2009
840,Czechia,CZE,Europe,34992,11300,19808,2010
841,Czechia,CZE,Europe,38041,11948,21717,2011
842,Czechia,CZE,Europe,39455,12037,19730,2012
843,Czechia,CZE,Europe,40138,12592,19916,2013
844,Czechia,CZE,Europe,41149,12373,19745,2014
845,Czechia,CZE,Europe,41715,12526,17716,2015
846,Czechia,CZE,Europe,42812,12538,18463,2016
847,Czechia,CZE,Europe,44261,13204,20380,2017
848,Czechia,CZE,Europe,44767,12334,23047,2018
849,Spain,ESP,Europe,40689,27306,14713,2000
850,Spain,ESP,Europe,39944,26671,15356,2001
851,Spain,ESP,Europe,44860,27006,17026,2002
852,Spain,ESP,Europe,53639,27458,21463,2003
853,Spain,ESP,Europe,15050,24731,24861,2004
854,Spain,ESP,Europe,17675,24636,26419,2005
855,Spain,ESP,Europe,18206,24577,28365,2006
856,Spain,ESP,Europe,32281,25333,32550,2007
857,Spain,ESP,Europe,37726,23221,35366,2008
858,Spain,ESP,Europe,48517,23942,32042,2009
859,Spain,ESP,Europe,56018,25172,30503,2010
860,Spain,ESP,Europe,62636,27651,31636,2011
861,Spain,ESP,Europe,55759,30875,28324,2012
862,Spain,ESP,Europe,56361,30042,29060,2013
863,Spain,ESP,Europe,49837,38091,26505,2016
864,Spain,ESP,Europe,64927,41498,28170,2017
865,Spain,ESP,Europe,70912,42034,30338,2018
866,Republic of Moldova,MDA,Europe,1961,9523,441,2000
867,Republic of Moldova,MDA,Europe,2578,8252,508,2001
868,Republic of Moldova,MDA,Europe,2909,8456,571,2002
869,Republic of Moldova,MDA,Europe,2419,8722,683,2003
870,Republic of Moldova,MDA,Europe,2502,9251,897,2004
871,Republic of Moldova,MDA,Europe,2264,9901,1035,2005
872,Republic of Moldova,MDA,Europe,1927,9562,1183,2006
873,Republic of Moldova,MDA,Europe,1882,10057,1532,2007
874,Republic of Moldova,MDA,Europe,1613,15030,2111,2008
875,Republic of Moldova,MDA,Europe,1461,12752,1899,2009
876,Republic of Moldova,MDA,Europe,1574,15129,2438,2010
877,Republic of Moldova,MDA,Europe,1612,17706,2942,2011
878,Republic of Moldova,MDA,Europe,1935,17096,3046,2012
879,Republic of Moldova,MDA,Europe,2306,18796,3322,2013
880,Republic of Moldova,MDA,Europe,2391,21141,3329,2014
881,Republic of Moldova,MDA,Europe,2733,19671,2732,2015
882,Republic of Moldova,MDA,Europe,3725,20133,2880,2016
883,Republic of Moldova,MDA,Europe,3964,18779,3510,2017
884,Republic of Moldova,MDA,Europe,4428,19412,4234,2018
885,Bangladesh,BGD,Asia,354,12373,413,2002
886,Bangladesh,BGD,Asia,385,16102,446,2003
887,Bangladesh,BGD,Asia,672,15155,475,2004
888,Bangladesh,BGD,Asia,748,15092,499,2005
889,Bangladesh,BGD,Asia,939,15237,510,2006
890,Bangladesh,BGD,Asia,669,16495,558,2007
891,Bangladesh,BGD,Asia,1049,17345,635,2008
892,Bangladesh,BGD,Asia,1589,20042,702,2009
893,Kiribati,KIR,Oceania,0,917,797,2000
894,Kiribati,KIR,Oceania,0,910,735,2001
895,Kiribati,KIR,Oceania,0,900,827,2002
896,Kiribati,KIR,Oceania,0,908,1016,2003
897,Kiribati,KIR,Oceania,0,924,1131,2004
898,Kiribati,KIR,Oceania,0,908,1215,2005
899,Kiribati,KIR,Oceania,0,925,1168,2006
900,Kiribati,KIR,Oceania,0,969,1374,2007
901,Kiribati,KIR,Oceania,0,983,1428,2008
902,Kiribati,KIR,Oceania,0,1076,1789,2012
903,Austria,AUT,Europe,30382,13561,24564,2000
904,Austria,AUT,Europe,31682,13670,24538,2001
905,Austria,AUT,Europe,28452,13986,26402,2002
906,Austria,AUT,Europe,31101,14411,32223,2003
907,Austria,AUT,Europe,33707,13538,36822,2004
908,Austria,AUT,Europe,39329,13471,40635,2006
909,Austria,AUT,Europe,43572,13771,46856,2007
910,Austria,AUT,Europe,53396,13626,51709,2008
911,Austria,AUT,Europe,59705,14005,47963,2009
912,Austria,AUT,Europe,68619,14445,46858,2010
913,Austria,AUT,Europe,70558,14972,51375,2011
914,Austria,AUT,Europe,58056,15476,48568,2012
915,Austria,AUT,Europe,70852,15781,50717,2013
916,Austria,AUT,Europe,65164,16476,51717,2014
917,Austria,AUT,Europe,67691,17313,44178,2015
918,Austria,AUT,Europe,70483,18072,45238,2016
919,Austria,AUT,Europe,73964,19206,47549,2017
920,Austria,AUT,Europe,75258,21514,51525,2018
921,Samoa,WSM,Oceania,132,981,1542,2000
922,Samoa,WSM,Oceania,63,1027,4258,2017
923,Samoa,WSM,Oceania,90,1105,4183,2018
924,Poland,POL,Europe,6117,14351,4493,2000
925,Poland,POL,Europe,6659,15379,4981,2001
926,Poland,POL,Europe,7380,16747,5197,2002
927,Poland,POL,Europe,7608,18750,5693,2003
928,Poland,POL,Europe,8118,18041,6681,2004
929,Poland,POL,Europe,10185,19976,8021,2005
930,Poland,POL,Europe,11365,22962,9039,2006
931,Poland,POL,Europe,13021,25771,11255,2007
932,Poland,POL,Europe,14965,27238,14001,2008
933,Poland,POL,Europe,16976,28500,11528,2009
934,Poland,POL,Europe,18356,27756,12600,2010
935,Poland,POL,Europe,20711,26753,13894,2011
936,Poland,POL,Europe,23525,26045,13146,2012
937,Poland,POL,Europe,27767,23287,13781,2013
938,Poland,POL,Europe,34664,23821,14348,2014
939,Poland,POL,Europe,43988,23866,12572,2015
940,Poland,POL,Europe,54734,24238,12432,2016
941,Poland,POL,Europe,63925,25164,13861,2017
942,Poland,POL,Europe,54354,26351,15461,2018
943,Djibouti,DJI,Africa,0,1257,768,2000
944,Djibouti,DJI,Africa,0,1400,781,2001
945,Djibouti,DJI,Africa,0,1603,791,2002
946,Djibouti,DJI,Africa,0,2156,905,2005
947,Djibouti,DJI,Africa,0,2503,968,2006
948,Djibouti,DJI,Africa,0,1784,1267,2009
949,Djibouti,DJI,Africa,0,1852,1452,2011
950,Mauritania,MRT,Africa,310,2191,640,2002
951,Mauritania,MRT,Africa,180,2389,718,2003
952,Mauritania,MRT,Africa,283,4592,1524,2015
953,Mauritania,MRT,Africa,413,4630,1537,2016
954,Mauritania,MRT,Africa,279,4558,1578,2017
955,Saint Lucia,LCA,North America,0,1095,6592,2004
956,Saint Lucia,LCA,North America,93,1081,7669,2006
957,Saint Lucia,LCA,North America,94,1272,7970,2007
958,Saint Lucia,LCA,North America,234,1203,8457,2008
959,Saint Lucia,LCA,North America,206,1251,8138,2009
960,Saint Lucia,LCA,North America,331,1411,8540,2010
961,Saint Lucia,LCA,North America,296,1388,8983,2011
962,Saint Lucia,LCA,North America,325,1144,9087,2012
963,Saint Lucia,LCA,North America,384,1096,9379,2013
964,Saint Lucia,LCA,North America,645,1090,9844,2014
965,Saint Lucia,LCA,North America,541,1018,10094,2015
966,Saint Lucia,LCA,North America,777,1024,10362,2016
967,Saint Lucia,LCA,North America,479,1020,11047,2017
968,Saint Lucia,LCA,North America,282,1037,11358,2018
969,Gibraltar,GIB,Europe,0,16,0,2000
970,Gibraltar,GIB,Europe,0,16,0,2001
971,Gibraltar,GIB,Europe,0,18,0,2002
972,Gibraltar,GIB,Europe,0,21,0,2003
973,Gibraltar,GIB,Europe,0,664,0,2008
974,Gibraltar,GIB,Europe,0,1750,0,2016
975,Togo,TGO,Africa,459,5066,449,2007
976,Barbados,BRB,North America,589,1380,11209,2001
977,Barbados,BRB,North America,890,1524,16771,2007
978,Barbados,BRB,North America,1504,1394,15886,2009
979,Barbados,BRB,North America,1714,1286,16056,2010
980,Barbados,BRB,North America,1714,1235,16458,2011
981,Chile,CHL,South America,3477,5256,5075,2000
982,Chile,CHL,South America,4883,6632,4446,2002
983,Chile,CHL,South America,5211,7744,4773,2003
984,Chile,CHL,South America,1966,9150,7599,2005
985,Chile,CHL,South America,7946,8134,10502,2007
986,Chile,CHL,South America,12159,9478,10751,2008
987,Chile,CHL,South America,7507,10845,10209,2009
988,Chile,CHL,South America,9618,11980,12808,2010
989,Chile,CHL,South America,2939,13139,14637,2011
990,Chile,CHL,South America,3461,12451,15352,2012
991,Chile,CHL,South America,3001,12970,15843,2013
992,Chile,CHL,South America,3242,13303,14671,2014
993,Chile,CHL,South America,3810,13616,13574,2015
994,Chile,CHL,South America,4568,13994,13754,2016
995,Chile,CHL,South America,4708,15981,14999,2017
996,Chile,CHL,South America,5682,16728,15925,2018
997,United Kingdom,GBR,Europe,222936,21270,28150,2000
998,United Kingdom,GBR,Europe,225722,27069,27745,2001
999,United Kingdom,GBR,Europe,227273,28905,30057,2002
1000,United Kingdom,GBR,Europe,255233,29626,34419,2003
1001,United Kingdom,GBR,Europe,300056,23404,40290,2004
1002,United Kingdom,GBR,Europe,318399,22648,42030,2005
1003,United Kingdom,GBR,Europe,330078,22837,44600,2006
1004,United Kingdom,GBR,Europe,351470,24663,50567,2007
1005,United Kingdom,GBR,Europe,341791,22120,47287,2008
1006,United Kingdom,GBR,Europe,368968,23884,38713,2009
1007,United Kingdom,GBR,Europe,389958,24826,39436,2010
1008,United Kingdom,GBR,Europe,419946,28857,42039,2011
1009,United Kingdom,GBR,Europe,427686,26601,42463,2012
1010,United Kingdom,GBR,Europe,416693,28619,43445,2013
1011,United Kingdom,GBR,Europe,428724,30063,47426,2014
1012,United Kingdom,GBR,Europe,430833,31479,44975,2015
1013,United Kingdom,GBR,Europe,432001,34498,41064,2016
1014,United Kingdom,GBR,Europe,435734,36536,40361,2017
1015,United Kingdom,GBR,Europe,452079,38986,43043,2018
1016,Denmark,DNK,Europe,12871,6405,30744,2000
1017,Denmark,DNK,Europe,12547,6110,30752,2001
1018,Denmark,DNK,Europe,14480,6410,33229,2002
1019,Denmark,DNK,Europe,18120,6554,40459,2003
1020,Denmark,DNK,Europe,9882,5214,46512,2004
1021,Denmark,DNK,Europe,10251,5283,48800,2005
1022,Denmark,DNK,Europe,12182,5114,52027,2006
1023,Denmark,DNK,Europe,12695,5097,58487,2007
1024,Denmark,DNK,Europe,6389,5045,64322,2008
1025,Denmark,DNK,Europe,12582,5276,58163,2009
1026,Denmark,DNK,Europe,18131,5428,58041,2010
1027,Denmark,DNK,Europe,20252,6137,61754,2011
1028,Denmark,DNK,Europe,22361,5859,58508,2012
1029,Denmark,DNK,Europe,29480,5294,61191,2013
1030,Denmark,DNK,Europe,29941,5471,62549,2014
1031,Denmark,DNK,Europe,32264,5048,53255,2015
1032,Denmark,DNK,Europe,34034,5079,54664,2016
1033,Denmark,DNK,Europe,33602,5319,57141,2017
1034,Denmark,DNK,Europe,33288,5935,61391,2018
1035,Latvia,LVA,Europe,5991,2758,3351,2000
1036,Latvia,LVA,Europe,7917,3083,3566,2001
1037,Latvia,LVA,Europe,3261,3026,4125,2002
1038,Latvia,LVA,Europe,2390,3453,5128,2003
1039,Latvia,LVA,Europe,1298,3173,6343,2004
1040,Latvia,LVA,Europe,1677,3240,7553,2005
1041,Latvia,LVA,Europe,1433,3835,14042,2007
1042,Latvia,LVA,Europe,1475,4053,16377,2008
1043,Latvia,LVA,Europe,1587,4294,12257,2009
1044,Latvia,LVA,Europe,1760,5064,11348,2010
1045,Latvia,LVA,Europe,1979,6053,13832,2011
1046,Latvia,LVA,Europe,2716,6390,13851,2012
1047,Latvia,LVA,Europe,3505,6364,15041,2013
1048,Latvia,LVA,Europe,4477,6022,15740,2014
1049,Latvia,LVA,Europe,5255,5801,13699,2015
1050,Latvia,LVA,Europe,6465,5609,14153,2016
1051,Latvia,LVA,Europe,6130,5312,15587,2017
1052,Latvia,LVA,Europe,7564,5111,17805,2018
1053,Sweden,SWE,Europe,25548,12264,29625,2000
1054,Sweden,SWE,Europe,26304,15100,27248,2001
1055,Sweden,SWE,Europe,28664,15285,29899,2002
1056,Sweden,SWE,Europe,32469,14789,37322,2003
1057,Sweden,SWE,Europe,17253,12877,42822,2004
1058,Sweden,SWE,Europe,19966,13151,43437,2005
1059,Sweden,SWE,Europe,21315,13349,46594,2006
1060,Sweden,SWE,Europe,22135,13794,53700,2007
1061,Sweden,SWE,Europe,22653,13967,56153,2008
1062,Sweden,SWE,Europe,27040,14882,46947,2009
1063,Sweden,SWE,Europe,31534,15587,52869,2010
1064,Sweden,SWE,Europe,36522,16669,60756,2011
1065,Sweden,SWE,Europe,28629,17829,58038,2012
1066,Sweden,SWE,Europe,25437,18056,61127,2013
1067,Sweden,SWE,Europe,25361,17584,60020,2014
1068,Sweden,SWE,Europe,26672,17405,51545,2015
1069,Sweden,SWE,Europe,28029,17316,51965,2016
1070,Sweden,SWE,Europe,28747,16543,53792,2017
1071,Sweden,SWE,Europe,30912,15973,54589,2018
1072,Senegal,SEN,Africa,8568,12496,1374,2011
1073,Senegal,SEN,Africa,14788,12310,1330,2012
1074,Senegal,SEN,Africa,18485,11224,1376,2013
1075,Senegal,SEN,Africa,20743,12008,1397,2014
1076,Senegal,SEN,Africa,22874,12376,1219,2015
1077,Senegal,SEN,Africa,12211,12549,1270,2016
1078,Senegal,SEN,Africa,13536,12834,1362,2017
1079,Senegal,SEN,Africa,14437,13876,1466,2018
1080,Cameroon,CMR,Africa,1529,15658,1010,2004
1081,Cameroon,CMR,Africa,1595,16685,1012,2005
1082,Cameroon,CMR,Africa,1606,17636,1062,2006
1083,Cameroon,CMR,Africa,1417,18548,1194,2007
1084,Cameroon,CMR,Africa,1854,21841,1287,2010
1085,Cameroon,CMR,Africa,3385,24017,1405,2011
1086,Cameroon,CMR,Africa,3059,23319,1355,2012
1087,Cameroon,CMR,Africa,2711,25741,1364,2016
1088,Cameroon,CMR,Africa,3941,26239,1425,2017
1089,Cameroon,CMR,Africa,9308,26169,1534,2018
1090,Egypt,EGY,Africa,27158,9637,1139,2003
1091,Egypt,EGY,Africa,29064,9604,1063,2004
1092,Egypt,EGY,Africa,30723,9804,1188,2005
1093,Egypt,EGY,Africa,33563,10198,1398,2006
1094,Egypt,EGY,Africa,35031,11064,1668,2007
1095,Egypt,EGY,Africa,49011,14278,2645,2010
1096,Egypt,EGY,Africa,43993,20212,3264,2013
1097,Egypt,EGY,Africa,47815,23906,3379,2014
1098,Egypt,EGY,Africa,51162,31483,3525,2016
1099,Palestine,PSE,Asia,777,10370,1476,2000
1100,Palestine,PSE,Asia,378,10778,1336,2001
1101,Palestine,PSE,Asia,0,11539,1338,2004
1102,Palestine,PSE,Asia,0,13795,1576,2007
1103,Palestine,PSE,Asia,0,14559,1858,2008
1104,Palestine,PSE,Asia,0,15945,1970,2009
1105,Palestine,PSE,Asia,0,15566,2354,2010
1106,Palestine,PSE,Asia,0,16783,2695,2011
1107,Palestine,PSE,Asia,0,19184,2834,2012
1108,Palestine,PSE,Asia,0,21072,3060,2013
1109,Palestine,PSE,Asia,0,24505,3047,2014
1110,Palestine,PSE,Asia,0,26372,2968,2015
1111,Palestine,PSE,Asia,0,28111,3074,2016
1112,Palestine,PSE,Asia,0,25013,3254,2017
1113,Palestine,PSE,Asia,0,27384,3199,2018
1114,Belgium,BEL,Europe,38799,10231,23042,2000
1115,Belgium,BEL,Europe,38150,10684,22995,2001
1116,Belgium,BEL,Europe,40354,10991,24888,2002
1117,Belgium,BEL,Europe,41856,11939,30588,2003
1118,Belgium,BEL,Europe,26202,10184,35364,2004
1119,Belgium,BEL,Europe,21054,10088,36796,2005
1120,Belgium,BEL,Europe,24854,10198,38673,2006
1121,Belgium,BEL,Europe,25202,10317,44263,2007
1122,Belgium,BEL,Europe,29844,10077,48107,2008
1123,Belgium,BEL,Europe,33951,10630,44584,2009
1124,Belgium,BEL,Europe,36126,11435,44142,2010
1125,Belgium,BEL,Europe,37866,12448,47349,2011
1126,Belgium,BEL,Europe,42914,13384,44673,2012
1127,Belgium,BEL,Europe,48748,12658,46745,2013
1128,Belgium,BEL,Europe,55516,12900,47701,2014
1129,Belgium,BEL,Europe,56453,13519,40992,2015
1130,Belgium,BEL,Europe,61102,14157,41998,2016
1131,Belgium,BEL,Europe,44978,15033,44289,2017
1132,Belgium,BEL,Europe,53896,15868,47491,2018
1133,United Republic of Tanzania,TZA,Africa,396,4835,431,2003
1134,United Republic of Tanzania,TZA,Africa,275,4678,459,2004
1135,Zimbabwe,ZWE,Africa,889,21066,772,2009
1136,Zimbabwe,ZWE,Africa,884,25594,948,2010
1137,Zimbabwe,ZWE,Africa,648,29159,1094,2011
1138,Zimbabwe,ZWE,Africa,352,16576,1305,2012
1139,Zimbabwe,ZWE,Africa,633,17082,1445,2015
1140,Croatia,HRV,Europe,2720,7862,5391,2001
1141,Croatia,HRV,Europe,703,8064,6233,2002
1142,Croatia,HRV,Europe,2836,8507,8060,2003
1143,Croatia,HRV,Europe,3459,8672,10530,2005
1144,Croatia,HRV,Europe,3414,8727,11703,2006
1145,Croatia,HRV,Europe,3488,8827,13963,2007
1146,Croatia,HRV,Europe,4729,8936,16309,2008
1147,Croatia,HRV,Europe,697,9210,14556,2009
1148,Croatia,HRV,Europe,838,9360,13924,2010
1149,Croatia,HRV,Europe,690,9418,14567,2011
1150,Croatia,HRV,Europe,842,8516,13238,2012
1151,Croatia,HRV,Europe,500,8531,13642,2013
1152,Croatia,HRV,Europe,639,8830,13600,2014
1153,Croatia,HRV,Europe,821,8841,11783,2015
1154,Croatia,HRV,Europe,693,9223,12360,2016
1155,Croatia,HRV,Europe,4781,9690,13412,2017
1156,Croatia,HRV,Europe,5014,9754,14920,2018
1157,Kazakhstan,KAZ,Asia,8258,20467,1229,2000
1158,Kazakhstan,KAZ,Asia,5982,23620,1491,2001
1159,Kazakhstan,KAZ,Asia,6523,25714,2068,2003
1160,Kazakhstan,KAZ,Asia,8690,27530,2874,2004
1161,Kazakhstan,KAZ,Asia,9153,29161,3771,2005
1162,Kazakhstan,KAZ,Asia,10916,27240,5292,2006
1163,Kazakhstan,KAZ,Asia,11961,29546,6771,2007
1164,Kazakhstan,KAZ,Asia,10928,46804,8514,2008
1165,Kazakhstan,KAZ,Asia,10458,35939,7165,2009
1166,Kazakhstan,KAZ,Asia,11974,39478,9070,2010
1167,Kazakhstan,KAZ,Asia,10361,42341,11634,2011
1168,Kazakhstan,KAZ,Asia,8982,42499,12387,2012
1169,Kazakhstan,KAZ,Asia,8710,54172,13891,2013
1170,Kazakhstan,KAZ,Asia,10978,66998,12807,2014
1171,Kazakhstan,KAZ,Asia,9977,78259,10511,2015
1172,Kazakhstan,KAZ,Asia,12533,90213,7715,2016
1173,Kazakhstan,KAZ,Asia,13850,84852,9248,2017
1174,Kazakhstan,KAZ,Asia,14332,83503,9813,2018
1175,Niue,NIU,Oceania,0,54,0,2000
1176,Niue,NIU,Oceania,0,53,0,2001
1177,Niue,NIU,Oceania,0,67,0,2002
1178,Niue,NIU,Oceania,0,66,0,2003
1179,Niue,NIU,Oceania,0,57,0,2004
1180,Niue,NIU,Oceania,0,52,0,2005
1181,Niue,NIU,Oceania,0,46,0,2006
1182,Niue,NIU,Oceania,0,43,0,2007
1183,Niue,NIU,Oceania,0,41,0,2008
1184,Niue,NIU,Oceania,0,37,0,2016
1185,New Zealand,NZL,Oceania,8210,6124,13641,2000
1186,New Zealand,NZL,Oceania,11069,6645,13883,2001
1187,New Zealand,NZL,Oceania,17732,7463,16874,2002
1188,New Zealand,NZL,Oceania,26359,6979,21914,2003
1189,New Zealand,NZL,Oceania,41422,6578,25420,2004
1190,New Zealand,NZL,Oceania,40774,3865,27751,2005
1191,New Zealand,NZL,Oceania,33047,4153,32511,2007
1192,New Zealand,NZL,Oceania,31565,4223,31290,2008
1193,New Zealand,NZL,Oceania,38351,4612,28206,2009
1194,New Zealand,NZL,Oceania,37878,4773,33700,2010
1195,New Zealand,NZL,Oceania,40854,5248,38438,2011
1196,New Zealand,NZL,Oceania,40995,5392,39983,2012
1197,New Zealand,NZL,Oceania,41352,5409,42963,2013
1198,New Zealand,NZL,Oceania,48891,5099,44553,2014
1199,New Zealand,NZL,Oceania,57091,5276,38616,2015
1200,New Zealand,NZL,Oceania,53854,5595,40106,2016
1201,New Zealand,NZL,Oceania,52678,4797,42849,2017
1202,New Zealand,NZL,Oceania,52702,5036,42950,2018
1203,Mauritius,MUS,Africa,75,8266,5388,2004
1204,Mauritius,MUS,Africa,56,8632,5696,2006
1205,Mauritius,MUS,Africa,476,8770,7318,2009
1206,Mauritius,MUS,Africa,596,8234,8000,2010
1207,Mauritius,MUS,Africa,635,7841,9197,2011
1208,Mauritius,MUS,Africa,924,7410,9291,2012
1209,Mauritius,MUS,Africa,1194,7250,9637,2013
1210,Mauritius,MUS,Africa,1546,7408,10154,2014
1211,Mauritius,MUS,Africa,1524,7470,9260,2015
1212,Mauritius,MUS,Africa,1736,7705,9682,2016
1213,Mauritius,MUS,Africa,2087,8619,10485,2017
1214,Uruguay,URY,South America,0,4198,14237,2011
1215,Uruguay,URY,South America,0,4094,15172,2012
1216,Uruguay,URY,South America,0,4291,16974,2013
1217,Uruguay,URY,South America,0,4327,16832,2014
1218,Democratic People's Republic of Korea,PRK,Asia,480,2169,0,2009
1219,Marshall Islands,MHL,Oceania,13,245,3224,2012
1220,British Virgin Islands,VGB,North America,0,120,0,2000
1221,British Virgin Islands,VGB,North America,0,135,0,2001
1222,British Virgin Islands,VGB,North America,0,331,0,2002
1223,British Virgin Islands,VGB,North America,0,222,0,2004
1224,British Virgin Islands,VGB,North America,247,366,0,2009
1225,British Virgin Islands,VGB,North America,140,355,0,2016
1226,British Virgin Islands,VGB,North America,0,358,0,2018
1227,Luxembourg,LUX,Europe,1137,7845,89740,2006
1228,Luxembourg,LUX,Europe,1319,6922,114294,2008
1229,Luxembourg,LUX,Europe,2226,7291,104965,2010
1230,Luxembourg,LUX,Europe,2468,7696,106749,2012
1231,Luxembourg,LUX,Europe,2880,8983,113625,2013
1232,Luxembourg,LUX,Europe,2976,9602,118824,2014
1233,Luxembourg,LUX,Europe,3163,10059,101376,2015
1234,Luxembourg,LUX,Europe,3268,10589,104278,2016
1235,Luxembourg,LUX,Europe,3298,11019,107627,2017
1236,Luxembourg,LUX,Europe,3362,11582,116654,2018
1237,Georgia,GEO,Asia,203,5121,750,2000
1238,Georgia,GEO,Asia,420,5029,802,2001
1239,Georgia,GEO,Asia,440,5090,854,2002
1240,Georgia,GEO,Asia,432,5370,1010,2003
1241,Georgia,GEO,Asia,442,5634,1305,2004
1242,Georgia,GEO,Asia,213,5958,1643,2005
1243,Georgia,GEO,Asia,144,6274,1996,2006
1244,Georgia,GEO,Asia,428,7194,2635,2007
1245,Georgia,GEO,Asia,621,7678,3325,2008
1246,Georgia,GEO,Asia,499,8267,2823,2009
1247,Georgia,GEO,Asia,832,8261,3233,2010
1248,Georgia,GEO,Asia,1709,8326,4022,2011
1249,Georgia,GEO,Asia,1670,9906,4422,2012
1250,Georgia,GEO,Asia,3420,7182,4624,2013
1251,Georgia,GEO,Asia,4780,8871,4014,2015
1252,Georgia,GEO,Asia,6742,9041,4062,2016
1253,Georgia,GEO,Asia,7994,11332,4357,2017
1254,Georgia,GEO,Asia,9972,11144,4723,2018
1255,Romania,ROU,Europe,12591,13154,1660,2000
1256,Romania,ROU,Europe,11669,15246,1825,2001
1257,Romania,ROU,Europe,10608,17047,2120,2002
1258,Romania,ROU,Europe,9730,18412,2679,2003
1259,Romania,ROU,Europe,10486,18402,3495,2004
1260,Romania,ROU,Europe,10812,18416,4618,2005
1261,Romania,ROU,Europe,8587,20596,5757,2006
1262,Romania,ROU,Europe,9383,20952,8360,2007
1263,Romania,ROU,Europe,13857,21926,10435,2008
1264,Romania,ROU,Europe,10372,23046,8548,2009
1265,Romania,ROU,Europe,13459,25021,8210,2010
1266,Romania,ROU,Europe,16075,28289,9105,2011
1267,Romania,ROU,Europe,17219,31640,8535,2012
1268,Romania,ROU,Europe,21561,32564,9555,2013
1269,Romania,ROU,Europe,23559,32750,10027,2014
1270,Romania,ROU,Europe,23073,32300,8977,2015
1271,Romania,ROU,Europe,25824,33950,9567,2016
1272,Romania,ROU,Europe,27510,36036,10808,2017
1273,Romania,ROU,Europe,29112,37534,12409,2018
1274,Burkina Faso,BFA,Africa,880,3062,458,2005
1275,Burkina Faso,BFA,Africa,2187,4056,751,2011
1276,Burkina Faso,BFA,Africa,2040,4118,758,2012
1277,Burkina Faso,BFA,Africa,2154,4360,787,2013
1278,Burkina Faso,BFA,Africa,1175,4936,793,2014
1279,Burkina Faso,BFA,Africa,2306,5342,653,2015
1280,Burkina Faso,BFA,Africa,2816,5652,688,2016
1281,Burkina Faso,BFA,Africa,3283,6038,738,2017
1282,Burkina Faso,BFA,Africa,3198,6446,820,2018
1283,Anguilla,AIA,North America,0,14,0,2000
1284,Anguilla,AIA,North America,0,14,0,2001
1285,Anguilla,AIA,North America,0,41,0,2002
1286,Anguilla,AIA,North America,4,59,0,2003
1287,Anguilla,AIA,North America,0,94,0,2004
1288,Anguilla,AIA,North America,0,25,0,2006
1289,Anguilla,AIA,North America,0,21,0,2007
1290,Anguilla,AIA,North America,0,151,0,2008
1291,Maldives,MDV,Asia,0,950,2235,2000
1292,Maldives,MDV,Asia,0,902,3039,2001
1293,Maldives,MDV,Asia,0,1219,3049,2002
1294,Maldives,MDV,Asia,0,1229,3476,2003
1295,South Africa,ZAF,Africa,45377,5678,3032,2000
1296,South Africa,ZAF,Africa,39752,5968,2666,2001
1297,South Africa,ZAF,Africa,46687,6435,2502,2002
1298,South Africa,ZAF,Africa,49979,6381,3751,2003
1299,South Africa,ZAF,Africa,51012,5800,4834,2004
1300,South Africa,ZAF,Africa,50129,5744,5384,2005
1301,South Africa,ZAF,Africa,53738,5866,5602,2006
1302,South Africa,ZAF,Africa,59237,5993,6096,2007
1303,South Africa,ZAF,Africa,63964,5790,5761,2008
1304,South Africa,ZAF,Africa,60856,6680,5863,2009
1305,South Africa,ZAF,Africa,66119,6600,7329,2010
1306,South Africa,ZAF,Africa,70428,6506,8007,2011
1307,South Africa,ZAF,Africa,42180,6405,7501,2012
1308,South Africa,ZAF,Africa,42351,7047,6832,2013
1309,South Africa,ZAF,Africa,42594,7273,6433,2014
1310,South Africa,ZAF,Africa,43305,7344,5735,2015
1311,South Africa,ZAF,Africa,45142,7860,5273,2016
1312,South Africa,ZAF,Africa,45334,8120,6132,2017
1313,South Africa,ZAF,Africa,42267,9130,6374,2018
1314,Armenia,ARM,Asia,2311,2462,783,2002
1315,Armenia,ARM,Asia,2162,3216,930,2003
1316,Armenia,ARM,Asia,3360,2927,1192,2004
1317,Armenia,ARM,Asia,4175,3455,1644,2005
1318,Armenia,ARM,Asia,4646,3845,2158,2006
1319,Armenia,ARM,Asia,4743,4011,3139,2007
1320,Armenia,ARM,Asia,4648,5425,4011,2008
1321,Armenia,ARM,Asia,4961,5551,2994,2009
1322,Armenia,ARM,Asia,4016,6374,3218,2010
1323,Armenia,ARM,Asia,4252,7027,3526,2011
1324,Armenia,ARM,Asia,4164,7121,3682,2012
1325,Armenia,ARM,Asia,3475,7147,3838,2013
1326,Armenia,ARM,Asia,4466,7493,3986,2014
1327,Armenia,ARM,Asia,4457,7598,3607,2015
1328,Armenia,ARM,Asia,4483,7908,3592,2016
1329,Armenia,ARM,Asia,4512,5891,3915,2017
1330,Armenia,ARM,Asia,4598,5220,4220,2018
1331,Portugal,PRT,Europe,11177,9412,11498,2000
1332,Portugal,PRT,Europe,15692,10222,12875,2002
1333,Portugal,PRT,Europe,15483,10995,15763,2003
1334,Portugal,PRT,Europe,16155,9793,18031,2004
1335,Portugal,PRT,Europe,17010,11050,18773,2005
1336,Portugal,PRT,Europe,17077,10409,19823,2006
1337,Portugal,PRT,Europe,17950,11704,22782,2007
1338,Portugal,PRT,Europe,8102,11415,24848,2008
1339,Portugal,PRT,Europe,9135,12255,23060,2009
1340,Portugal,PRT,Europe,11034,12746,22499,2010
1341,Portugal,PRT,Europe,13356,13173,23187,2011
1342,Portugal,PRT,Europe,18525,12691,20565,2012
1343,Portugal,PRT,Europe,14541,11326,21647,2013
1344,Portugal,PRT,Europe,14883,11573,22074,2014
1345,Portugal,PRT,Europe,16888,12215,19242,2015
1346,Portugal,PRT,Europe,22194,14108,21490,2017
1347,Portugal,PRT,Europe,28122,15074,23462,2018
1348,Sri Lanka,LKA,Asia,435,16583,3201,2011
1349,Sri Lanka,LKA,Asia,375,16442,3351,2012
1350,Sri Lanka,LKA,Asia,816,16042,3610,2013
1351,Sri Lanka,LKA,Asia,892,16253,3819,2014
1352,Sri Lanka,LKA,Asia,986,17354,3844,2015
1353,Sri Lanka,LKA,Asia,1267,18751,3886,2016
1354,Sri Lanka,LKA,Asia,1313,20876,4077,2017
1355,Sri Lanka,LKA,Asia,1322,24118,4081,2018
1356,Uzbekistan,UZB,Asia,148,29337,654,2006
1357,Uzbekistan,UZB,Asia,248,32159,830,2007
1358,Uzbekistan,UZB,Asia,312,31478,1082,2008
1359,Uzbekistan,UZB,Asia,381,29118,1213,2009
1360,Uzbekistan,UZB,Asia,433,24304,1634,2010
1361,Uzbekistan,UZB,Asia,378,23171,1926,2011
1362,Uzbekistan,UZB,Asia,474,19158,2137,2012
1363,Uzbekistan,UZB,Asia,573,20350,2281,2013
1364,Uzbekistan,UZB,Asia,684,26119,2492,2014
1365,Uzbekistan,UZB,Asia,762,28119,2615,2015
1366,Uzbekistan,UZB,Asia,724,32908,2568,2016
1367,Uzbekistan,UZB,Asia,603,35029,1827,2017
1368,Uzbekistan,UZB,Asia,700,36909,1529,2018
1369,Brunei Darussalam,BRN,Asia,78,2202,18013,2000
1370,Brunei Darussalam,BRN,Asia,189,2048,16472,2001
1371,Brunei Darussalam,BRN,Asia,198,1967,21902,2004
1372,Brunei Darussalam,BRN,Asia,164,2487,26105,2005
1373,Brunei Darussalam,BRN,Asia,150,2169,30980,2006
1374,Brunei Darussalam,BRN,Asia,174,2567,32664,2007
1375,Brunei Darussalam,BRN,Asia,190,2930,37934,2008
1376,Brunei Darussalam,BRN,Asia,295,3151,27956,2009
1377,Brunei Darussalam,BRN,Asia,229,3343,35270,2010
1378,Brunei Darussalam,BRN,Asia,372,3440,47056,2011
1379,Brunei Darussalam,BRN,Asia,354,3561,47741,2012
1380,Brunei Darussalam,BRN,Asia,360,3481,41727,2014
1381,Brunei Darussalam,BRN,Asia,529,3456,31165,2015
1382,Brunei Darussalam,BRN,Asia,349,3524,27158,2016
1383,Brunei Darussalam,BRN,Asia,436,3314,28572,2017
1384,Brunei Darussalam,BRN,Asia,475,2680,31628,2018
1385,Kyrgyzstan,KGZ,Asia,7967,3333,308,2001
1386,Kyrgyzstan,KGZ,Asia,11921,3592,322,2002
1387,Kyrgyzstan,KGZ,Asia,13440,2893,381,2003
1388,Kyrgyzstan,KGZ,Asia,16249,3231,433,2004
1389,Kyrgyzstan,KGZ,Asia,23565,3083,477,2005
1390,Kyrgyzstan,KGZ,Asia,27316,3641,543,2006
1391,Kyrgyzstan,KGZ,Asia,27205,4080,722,2007
1392,Kyrgyzstan,KGZ,Asia,25603,4325,966,2008
1393,Kyrgyzstan,KGZ,Asia,20236,4488,871,2009
1394,Kyrgyzstan,KGZ,Asia,16425,5024,880,2010
1395,Kyrgyzstan,KGZ,Asia,13180,5679,1124,2011
1396,Kyrgyzstan,KGZ,Asia,10167,5923,1178,2012
1397,Kyrgyzstan,KGZ,Asia,11263,5912,1282,2013
1398,Kyrgyzstan,KGZ,Asia,12071,8368,1280,2014
1399,Kyrgyzstan,KGZ,Asia,12723,9456,1121,2015
1400,Kyrgyzstan,KGZ,Asia,14984,11484,1121,2016
1401,Kyrgyzstan,KGZ,Asia,14796,11400,1243,2017
1402,Kyrgyzstan,KGZ,Asia,16534,11075,1308,2018
1403,"China, Macao Special Administrative Region",MAC,Asia,7576,835,15553,2001
1404,"China, Macao Special Administrative Region",MAC,Asia,13080,917,16315,2002
1405,"China, Macao Special Administrative Region",MAC,Asia,17541,968,17809,2003
1406,"China, Macao Special Administrative Region",MAC,Asia,14627,856,22446,2004
1407,"China, Macao Special Administrative Region",MAC,Asia,12711,982,25043,2005
1408,"China, Macao Special Administrative Region",MAC,Asia,12087,1024,29951,2006
1409,"China, Macao Special Administrative Region",MAC,Asia,11930,1217,36353,2007
1410,"China, Macao Special Administrative Region",MAC,Asia,12648,1369,40598,2008
1411,"China, Macao Special Administrative Region",MAC,Asia,14358,1556,40797,2009
1412,"China, Macao Special Administrative Region",MAC,Asia,13508,1759,52253,2010
1413,"China, Macao Special Administrative Region",MAC,Asia,13623,1847,66644,2011
1414,"China, Macao Special Administrative Region",MAC,Asia,8152,1810,76292,2012
1415,"China, Macao Special Administrative Region",MAC,Asia,9327,2175,89287,2013
1416,"China, Macao Special Administrative Region",MAC,Asia,10872,2063,93777,2014
1417,"China, Macao Special Administrative Region",MAC,Asia,12213,2670,75341,2015
1418,"China, Macao Special Administrative Region",MAC,Asia,13549,2643,74061,2016
1419,"China, Macao Special Administrative Region",MAC,Asia,14821,3539,81517,2017
1420,"China, Macao Special Administrative Region",MAC,Asia,16155,2795,87209,2018
1421,Canada,CAN,North America,36450,31098,24190,2000
1422,Canada,CAN,North America,42711,32102,23738,2001
1423,Canada,CAN,North America,49572,37824,24169,2002
1424,Canada,CAN,North America,59067,39461,28201,2003
1425,Canada,CAN,North America,65001,40208,32034,2004
1426,Canada,CAN,North America,69126,43521,36266,2005
1427,Canada,CAN,North America,68520,44652,40386,2006
1428,Canada,CAN,North America,92881,45269,44543,2007
1429,Canada,CAN,North America,93479,45866,46594,2008
1430,Canada,CAN,North America,95590,47074,40773,2009
1431,Canada,CAN,North America,106284,46416,47448,2010
1432,Canada,CAN,North America,120960,46347,52087,2011
1433,Canada,CAN,North America,135187,46016,52678,2012
1434,Canada,CAN,North America,151244,46741,52653,2013
1435,Canada,CAN,North America,164274,47537,50893,2014
1436,Canada,CAN,North America,171603,49919,43586,2015
1437,Canada,CAN,North America,189478,50583,42322,2016
1438,Canada,CAN,North America,209979,49575,45149,2017
1439,Canada,CAN,North America,224548,48345,46313,2018
1440,Ghana,GHA,Africa,1899,8989,1078,2007
1441,Ghana,GHA,Africa,2754,9052,1211,2008
1442,Ghana,GHA,Africa,5682,10139,1549,2011
1443,Ghana,GHA,Africa,9132,10181,1588,2012
1444,Ghana,GHA,Africa,10801,10624,2345,2013
1445,Ghana,GHA,Africa,15683,11703,1971,2014
1446,Ghana,GHA,Africa,17821,13002,1744,2015
1447,Ghana,GHA,Africa,15999,13601,1931,2016
1448,Ghana,GHA,Africa,12978,14545,2026,2017
1449,Ghana,GHA,Africa,9975,15962,2202,2018
1450,Slovakia,SVK,Europe,1570,5785,5413,2000
1451,Slovakia,SVK,Europe,1690,8879,5717,2001
1452,Slovakia,SVK,Europe,1643,10909,6534,2002
1453,Slovakia,SVK,Europe,1651,13854,8713,2003
1454,Slovakia,SVK,Europe,1548,14605,10672,2004
1455,Slovakia,SVK,Europe,1607,17585,11686,2005
1456,Slovakia,SVK,Europe,1613,21798,13160,2006
1457,Slovakia,SVK,Europe,1901,23785,16086,2007
1458,Slovakia,SVK,Europe,5197,26107,18677,2008
1459,Slovakia,SVK,Europe,6311,28072,16532,2009
1460,Slovakia,SVK,Europe,7946,30585,16727,2010
1461,Slovakia,SVK,Europe,8748,32831,18338,2011
1462,Slovakia,SVK,Europe,9059,33015,17460,2012
1463,Slovakia,SVK,Europe,10183,33206,18237,2013
1464,Slovakia,SVK,Europe,11107,32057,18671,2014
1465,Slovakia,SVK,Europe,10876,31514,16309,2015
1466,Slovakia,SVK,Europe,10072,31964,16506,2016
1467,Slovakia,SVK,Europe,10764,32453,17554,2017
1468,Slovakia,SVK,Europe,11597,31472,19428,2018
1469,Viet Nam,VNM,Asia,622,9131,390,2000
1470,Viet Nam,VNM,Asia,661,9829,405,2001
1471,Viet Nam,VNM,Asia,936,12154,430,2002
1472,Viet Nam,VNM,Asia,1048,14673,481,2003
1473,Viet Nam,VNM,Asia,2053,19714,687,2005
1474,Viet Nam,VNM,Asia,3230,27585,906,2007
1475,Viet Nam,VNM,Asia,3362,36077,1149,2008
1476,Viet Nam,VNM,Asia,4207,43530,1217,2009
1477,Viet Nam,VNM,Asia,3260,46832,1318,2010
1478,Viet Nam,VNM,Asia,3717,51937,1525,2011
1479,Viet Nam,VNM,Asia,3996,53835,1735,2012
1480,Viet Nam,VNM,Asia,3608,55976,1887,2013
1481,Viet Nam,VNM,Asia,2540,59465,2030,2014
1482,Viet Nam,VNM,Asia,2874,68040,2085,2015
1483,Viet Nam,VNM,Asia,5624,82668,2192,2016
1484,Viet Nam,VNM,Asia,4162,94621,2366,2017
1485,Dominican Republic,DOM,North America,15533,3643,6110,2012
1486,Dominican Republic,DOM,North America,10676,4324,6609,2014
1487,Dominican Republic,DOM,North America,9955,4201,6922,2015
1488,Dominican Republic,DOM,North America,9910,3980,7281,2016
1489,Dominican Republic,DOM,North America,9607,4490,7609,2017
1490,Burundi,BDI,Africa,179,1073,136,2000
1491,Burundi,BDI,Africa,509,1174,123,2002
1492,Burundi,BDI,Africa,1813,1799,234,2010
1493,Burundi,BDI,Africa,2958,2294,257,2013
1494,Burundi,BDI,Africa,1648,2466,306,2015
1495,Burundi,BDI,Africa,1331,2728,282,2016
1496,Burundi,BDI,Africa,1787,3053,293,2017
1497,Burundi,BDI,Africa,1996,3551,272,2018
1498,Kenya,KEN,Africa,0,13598,1337,2015
1499,Kenya,KEN,Africa,4782,13903,1411,2016
1500,Kenya,KEN,Africa,5254,14939,1572,2017
1501,Australia,AUS,Oceania,105764,5711,21679,2000
1502,Australia,AUS,Oceania,120987,5590,19491,2001
1503,Australia,AUS,Oceania,179619,6051,20082,2002
1504,Australia,AUS,Oceania,188160,6563,23447,2003
1505,Australia,AUS,Oceania,166954,9124,30431,2004
1506,Australia,AUS,Oceania,177034,9654,33999,2005
1507,Australia,AUS,Oceania,184710,9900,36045,2006
1508,Australia,AUS,Oceania,211526,10384,40960,2007
1509,Australia,AUS,Oceania,230635,9980,49602,2008
1510,Australia,AUS,Oceania,257637,10393,42772,2009
1511,Australia,AUS,Oceania,271231,10708,52022,2010
1512,Australia,AUS,Oceania,262597,10933,62518,2011
1513,Australia,AUS,Oceania,249588,11139,68012,2012
1514,Australia,AUS,Oceania,249868,11992,68150,2013
1515,Australia,AUS,Oceania,266048,12372,62511,2014
1516,Australia,AUS,Oceania,294438,12143,56756,2015
1517,Australia,AUS,Oceania,335512,12849,49971,2016
1518,Australia,AUS,Oceania,381202,13558,54066,2017
1519,Australia,AUS,Oceania,444514,13319,57396,2018
1520,Saint Vincent and the Grenadines,VCT,North America,0,586,3676,2000
1521,Saint Vincent and the Grenadines,VCT,North America,0,513,3986,2001
1522,Saint Vincent and the Grenadines,VCT,North America,0,426,4273,2002
1523,Saint Vincent and the Grenadines,VCT,North America,0,637,4448,2003
1524,Saint Vincent and the Grenadines,VCT,North America,0,709,4810,2004
1525,Saint Vincent and the Grenadines,VCT,North America,0,712,7361,2018
1526,Grenada,GRD,North America,4235,619,7291,2009
1527,Grenada,GRD,North America,6302,486,9097,2015
1528,Grenada,GRD,North America,6303,518,9628,2016
1529,Grenada,GRD,North America,6587,532,10153,2017
1530,Grenada,GRD,North America,7893,490,10486,2018
1531,Norway,NOR,Europe,8699,13236,38131,2000
1532,Norway,NOR,Europe,8834,14128,38543,2001
1533,Norway,NOR,Europe,9505,15602,43084,2002
1534,Norway,NOR,Europe,11060,14986,50135,2003
1535,Norway,NOR,Europe,12392,13252,57604,2004
1536,Norway,NOR,Europe,13400,12286,66810,2005
1537,Norway,NOR,Europe,14297,11929,74148,2006
1538,Norway,NOR,Europe,15618,11759,85140,2007
1539,Norway,NOR,Europe,16104,11237,96944,2008
1540,Norway,NOR,Europe,17507,12341,79978,2009
1541,Norway,NOR,Europe,15737,13864,87694,2010
1542,Norway,NOR,Europe,16628,15580,100601,2011
1543,Norway,NOR,Europe,18454,16611,101524,2012
1544,Norway,NOR,Europe,9234,18149,102913,2013
1545,Norway,NOR,Europe,9240,18319,97019,2014
1546,Norway,NOR,Europe,9731,18769,74356,2015
1547,Norway,NOR,Europe,10880,18868,70459,2016
1548,Norway,NOR,Europe,8955,17730,75497,2017
1549,Norway,NOR,Europe,12216,17215,81734,2018
1550,Aruba,ABW,North America,91,140,20834,2003
1551,Aruba,ABW,North America,40,156,23300,2005
1552,Aruba,ABW,North America,169,186,24045,2006
1553,Aruba,ABW,North America,107,258,24630,2009
1554,Aruba,ABW,North America,63,468,23513,2010
1555,Aruba,ABW,North America,89,211,24986,2011
1556,Aruba,ABW,North America,36,201,24714,2012
1557,Aruba,ABW,North America,269,227,26189,2013
1558,Aruba,ABW,North America,272,216,26648,2014
1559,Aruba,ABW,North America,322,221,27981,2015
1560,Aruba,ABW,North America,329,238,28281,2016
1561,Niger,NER,Africa,135,2705,198,2000
1562,Niger,NER,Africa,136,3033,285,2004
1563,Niger,NER,Africa,205,3762,388,2007
1564,Niger,NER,Africa,1026,3510,459,2009
1565,Niger,NER,Africa,1125,3756,473,2010
1566,Niger,NER,Africa,1210,3979,508,2011
1567,Niger,NER,Africa,1181,3623,526,2012
1568,Niger,NER,Africa,2010,5484,483,2015
1569,Niger,NER,Africa,2601,5175,495,2016
1570,Niger,NER,Africa,2793,4818,517,2017
1571,Niger,NER,Africa,4151,5172,572,2018
1572,Jamaica,JAM,North America,797,5032,3385,2000
1573,Jamaica,JAM,North America,0,5446,5354,2018
1574,Bahrain,BHR,Asia,1331,2524,14222,2003
1575,Bahrain,BHR,Asia,797,3338,17959,2005
1576,Bahrain,BHR,Asia,672,3434,19308,2006
1577,Bahrain,BHR,Asia,5039,5043,24989,2014
1578,Bahrain,BHR,Asia,5397,5469,22689,2015
1579,Bahrain,BHR,Asia,5128,5811,22619,2016
1580,Bahrain,BHR,Asia,5616,5870,23709,2017
1581,Bahrain,BHR,Asia,6040,5686,23991,2018
1582,Saint Kitts and Nevis,KNA,North America,0,473,10660,2001
1583,Saint Kitts and Nevis,KNA,North America,0,436,11011,2002
1584,Saint Kitts and Nevis,KNA,North America,0,422,10631,2003
1585,Saint Kitts and Nevis,KNA,North America,0,406,11425,2004
1586,Saint Kitts and Nevis,KNA,North America,0,469,12330,2005
1587,Saint Kitts and Nevis,KNA,North America,0,501,13613,2006
1588,Saint Kitts and Nevis,KNA,North America,0,560,14427,2007
1589,Saint Kitts and Nevis,KNA,North America,0,503,15591,2008
1590,Saint Kitts and Nevis,KNA,North America,2498,407,18052,2014
1591,Qatar,QAT,Asia,1617,1258,28517,2001
1592,Qatar,QAT,Asia,1645,1290,30215,2002
1593,Qatar,QAT,Asia,1633,1331,34518,2003
1594,Qatar,QAT,Asia,1170,1357,42125,2004
1595,Qatar,QAT,Asia,2378,1843,51456,2005
1596,Qatar,QAT,Asia,4544,2152,80234,2008
1597,Qatar,QAT,Asia,4798,2410,59094,2009
1598,Qatar,QAT,Asia,5418,2800,67403,2010
1599,Qatar,QAT,Asia,6188,2825,82410,2011
1600,Qatar,QAT,Asia,7154,3631,85076,2012
1601,Qatar,QAT,Asia,8509,4875,85051,2013
1602,Qatar,QAT,Asia,10078,4603,83859,2014
1603,Qatar,QAT,Asia,10509,5497,63039,2015
1604,Qatar,QAT,Asia,10788,6301,57163,2016
1605,Qatar,QAT,Asia,11034,6583,61264,2017
1606,Qatar,QAT,Asia,11515,9022,68794,2018
1607,Andorra,AND,Europe,27,724,25067,2002
1608,Andorra,AND,Europe,31,908,32272,2003
1609,Andorra,AND,Europe,102,1335,43503,2009
1610,Andorra,AND,Europe,195,1230,39539,2013
1611,Andorra,AND,Europe,0,1422,41304,2014
1612,Andorra,AND,Europe,209,1351,35763,2015
1613,Andorra,AND,Europe,235,1412,37475,2016
1614,Andorra,AND,Europe,182,1456,38963,2017
1615,Andorra,AND,Europe,278,1543,41793,2018
1616,Iceland,ISL,Europe,403,2351,32018,2000
1617,Iceland,ISL,Europe,421,2396,28794,2001
1618,Iceland,ISL,Europe,472,2914,32327,2002
1619,Iceland,ISL,Europe,580,2944,39424,2003
1620,Iceland,ISL,Europe,489,2164,47367,2004
1621,Iceland,ISL,Europe,715,2424,56674,2006
1622,Iceland,ISL,Europe,783,2486,69054,2007
1623,Iceland,ISL,Europe,720,2410,56410,2008
1624,Iceland,ISL,Europe,783,2642,41333,2009
1625,Iceland,ISL,Europe,889,2809,43025,2010
1626,Iceland,ISL,Europe,1099,2698,47517,2011
1627,Iceland,ISL,Europe,1186,2751,45910,2012
1628,Iceland,ISL,Europe,1249,2841,49522,2013
1629,Iceland,ISL,Europe,1472,2735,54242,2014
1630,Iceland,ISL,Europe,1260,2661,61467,2016
1631,Iceland,ISL,Europe,1231,2641,71311,2017
1632,Iceland,ISL,Europe,1430,3302,72969,2018
1633,Namibia,NAM,Africa,931,6355,1769,2002
1634,Namibia,NAM,Africa,1026,7530,2561,2003
1635,Namibia,NAM,Africa,857,7029,3674,2005
1636,Namibia,NAM,Africa,189,8100,3975,2006
1637,Namibia,NAM,Africa,2004,9045,4153,2008
1638,Namibia,NAM,Africa,3125,4188,5942,2012
1639,Namibia,NAM,Africa,3090,4442,5378,2013
1640,Namibia,NAM,Africa,4113,4811,5435,2014
1641,Namibia,NAM,Africa,4253,5377,4869,2015
1642,Namibia,NAM,Africa,3791,5364,4523,2016
1643,Namibia,NAM,Africa,3422,5194,5303,2017
1644,Namibia,NAM,Africa,2819,5365,5495,2018
1645,Lithuania,LTU,Europe,539,4012,3297,2000
1646,Lithuania,LTU,Europe,628,4823,3530,2001
1647,Lithuania,LTU,Europe,684,5275,4147,2002
1648,Lithuania,LTU,Europe,689,5986,5506,2003
1649,Lithuania,LTU,Europe,738,5623,6707,2004
1650,Lithuania,LTU,Europe,857,5924,7863,2005
1651,Lithuania,LTU,Europe,1223,5967,9241,2006
1652,Lithuania,LTU,Europe,1901,6206,12298,2007
1653,Lithuania,LTU,Europe,2955,6672,14962,2008
1654,Lithuania,LTU,Europe,2824,7460,11837,2009
1655,Lithuania,LTU,Europe,2973,8515,11957,2010
1656,Lithuania,LTU,Europe,3004,10185,14354,2011
1657,Lithuania,LTU,Europe,3138,11975,14339,2012
1658,Lithuania,LTU,Europe,3915,12029,15702,2013
1659,Lithuania,LTU,Europe,4975,11302,14249,2015
1660,Lithuania,LTU,Europe,5499,10701,14999,2016
1661,Lithuania,LTU,Europe,5806,10430,16883,2017
1662,Lithuania,LTU,Europe,6300,10395,19081,2018
1663,Solomon Islands,SLB,Oceania,0,1233,1054,2000
1664,Solomon Islands,SLB,Oceania,0,1247,945,2001
1665,Solomon Islands,SLB,Oceania,0,1216,785,2002
1666,Solomon Islands,SLB,Oceania,0,1181,744,2003
1667,Solomon Islands,SLB,Oceania,0,1181,818,2004
1668,Solomon Islands,SLB,Oceania,0,1643,881,2005
1669,Solomon Islands,SLB,Oceania,0,2112,949,2006
1670,Solomon Islands,SLB,Oceania,0,2586,1049,2007
1671,Solomon Islands,SLB,Oceania,0,3084,1208,2008
1672,Morocco,MAR,Africa,4502,40077,1335,2000
1673,Morocco,MAR,Africa,4502,42859,1339,2001
1674,Morocco,MAR,Africa,5125,51903,1725,2003
1675,Morocco,MAR,Africa,6393,43967,1953,2004
1676,Morocco,MAR,Africa,4958,40997,2018,2005
1677,Morocco,MAR,Africa,6049,42168,2196,2006
1678,Morocco,MAR,Africa,7029,39444,2499,2007
1679,Morocco,MAR,Africa,7598,41086,2890,2008
1680,Morocco,MAR,Africa,7921,41723,2867,2009
1681,Morocco,MAR,Africa,8604,42750,2840,2010
1682,Morocco,MAR,Africa,9950,40322,3122,2013
1683,Morocco,MAR,Africa,14220,42461,3172,2014
1684,Morocco,MAR,Africa,15384,45018,2875,2015
1685,Morocco,MAR,Africa,17029,47635,2897,2016
1686,Morocco,MAR,Africa,20121,51308,3036,2017
1687,Morocco,MAR,Africa,20410,52500,3222,2018
1688,India,IND,Asia,6988,66792,443,2000
1689,India,IND,Asia,7791,78588,452,2001
1690,India,IND,Asia,8145,103827,471,2002
1691,India,IND,Asia,7738,121233,547,2003
1692,India,IND,Asia,7589,135345,628,2004
1693,India,IND,Asia,11309,147428,715,2005
1694,India,IND,Asia,12374,147687,807,2006
1695,India,IND,Asia,27531,206680,1458,2011
1696,India,IND,Asia,28335,192035,1444,2012
1697,India,IND,Asia,34419,190637,1450,2013
1698,India,IND,Asia,38992,215954,1574,2014
1699,India,IND,Asia,41993,257006,1606,2015
1700,India,IND,Asia,44766,305364,1733,2016
1701,India,IND,Asia,46703,341442,1982,2017
1702,India,IND,Asia,46077,375055,2006,2018
1703,Trinidad and Tobago,TTO,North America,1262,4080,6435,2000
1704,Trinidad and Tobago,TTO,North America,1211,4101,6940,2001
1705,Trinidad and Tobago,TTO,North America,1225,4281,7053,2002
1706,Trinidad and Tobago,TTO,North America,969,5620,10294,2004
1707,Comoros,COM,Africa,0,3172,1339,2009
1708,Comoros,COM,Africa,0,3814,1316,2010
1709,Comoros,COM,Africa,0,4007,1448,2011
1710,Comoros,COM,Africa,2,4396,1403,2012
1711,Comoros,COM,Africa,0,5187,1514,2014
1712,Costa Rica,CRI,North America,1560,1715,4385,2004
1713,Costa Rica,CRI,North America,586,1999,6072,2007
1714,Costa Rica,CRI,North America,1480,2045,6859,2008
1715,Costa Rica,CRI,North America,1559,2181,6760,2009
1716,Costa Rica,CRI,North America,0,2859,11666,2016
1717,Costa Rica,CRI,North America,0,3101,11815,2017
1718,Costa Rica,CRI,North America,0,3326,12112,2018
1719,Mexico,MEX,North America,1943,16811,7545,2001
1720,Mexico,MEX,North America,1892,21362,7593,2002
1721,Mexico,MEX,North America,8020,27994,10725,2013
1722,Mexico,MEX,North America,9994,30659,9606,2015
1723,Mexico,MEX,North America,12654,33815,8740,2016
1724,Mexico,MEX,North America,25125,34903,9278,2017
1725,Mexico,MEX,North America,7223,34196,9673,2018
1726,Bhutan,BTN,Asia,0,1371,1757,2007
1727,Japan,JPN,Asia,59691,58931,38532,2000
1728,Japan,JPN,Asia,63637,56623,33846,2001
1729,Japan,JPN,Asia,74892,63295,32289,2002
1730,Japan,JPN,Asia,86505,64219,34808,2003
1731,Japan,JPN,Asia,117903,60628,37689,2004
1732,Japan,JPN,Asia,125917,63492,37218,2005
1733,Japan,JPN,Asia,130124,58848,35434,2006
1734,Japan,JPN,Asia,125877,55002,35275,2007
1735,Japan,JPN,Asia,126568,50682,39339,2008
1736,Japan,JPN,Asia,131599,45327,40855,2009
1737,Japan,JPN,Asia,141599,40256,44508,2010
1738,Japan,JPN,Asia,151461,35880,48168,2011
1739,Japan,JPN,Asia,150617,33500,48603,2012
1740,Japan,JPN,Asia,135803,33427,40454,2013
1741,Japan,JPN,Asia,132685,33882,38109,2014
1742,Japan,JPN,Asia,131980,30557,34524,2015
1743,Japan,JPN,Asia,143457,31649,38762,2016
1744,Japan,JPN,Asia,164338,31762,38387,2017
1745,Japan,JPN,Asia,182748,31903,39159,2018
1746,Albania,ALB,Europe,678,5891,1127,2000
1747,Albania,ALB,Europe,646,7375,1282,2001
1748,Albania,ALB,Europe,458,11360,1846,2003
1749,Albania,ALB,Europe,483,13456,2374,2004
1750,Albania,ALB,Europe,1480,25309,4437,2011
1751,Albania,ALB,Europe,2091,24371,4248,2012
1752,Albania,ALB,Europe,1969,18181,5284,2018
1753,Cuba,CUB,North America,6169,1707,2747,2000
1754,Cuba,CUB,North America,9735,1660,2838,2001
1755,Cuba,CUB,North America,11697,1431,2999,2002
1756,Cuba,CUB,North America,17215,1791,3197,2003
1757,Cuba,CUB,North America,13705,1251,3396,2004
1758,Cuba,CUB,North America,14414,1349,3787,2005
1759,Cuba,CUB,North America,15028,1454,4684,2006
1760,Cuba,CUB,North America,26889,1516,5209,2007
1761,Cuba,CUB,North America,29697,1697,5411,2008
1762,Cuba,CUB,North America,30961,1876,5530,2009
1763,Cuba,CUB,North America,30234,2230,5730,2010
1764,Cuba,CUB,North America,27309,2292,6140,2011
1765,Cuba,CUB,North America,22754,2154,6497,2012
1766,Cuba,CUB,North America,0,2490,8541,2017
1767,Cuba,CUB,North America,0,2299,8822,2018
1768,Ukraine,UKR,Europe,12880,19932,780,2001
1769,Ukraine,UKR,Europe,17210,22484,879,2002
1770,Ukraine,UKR,Europe,18170,22453,1048,2003
1771,Ukraine,UKR,Europe,15622,22791,1366,2004
1772,Ukraine,UKR,Europe,23259,23741,1827,2005
1773,Ukraine,UKR,Europe,26623,24436,2301,2006
1774,Ukraine,UKR,Europe,29614,25435,3066,2007
1775,Ukraine,UKR,Europe,32573,31662,3887,2008
1776,Ukraine,UKR,Europe,35780,32927,2543,2009
1777,Ukraine,UKR,Europe,37674,35316,2965,2010
1778,Ukraine,UKR,Europe,38777,37061,3570,2011
1779,Ukraine,UKR,Europe,43609,37219,3855,2012
1780,Ukraine,UKR,Europe,49686,42529,4030,2013
1781,Ukraine,UKR,Europe,60037,49928,3105,2014
1782,Ukraine,UKR,Europe,57583,68209,2125,2015
1783,Ukraine,UKR,Europe,54144,77421,2188,2016
1784,Ukraine,UKR,Europe,52768,77878,2641,2017
1785,Ukraine,UKR,Europe,49632,72063,3097,2018
1786,Botswana,BWA,Africa,654,9412,5520,2005
1787,Botswana,BWA,Africa,1417,3453,7781,2014
1788,Botswana,BWA,Africa,988,3251,6800,2015
1789,Botswana,BWA,Africa,1357,3117,7244,2016
1790,Botswana,BWA,Africa,1180,2602,7893,2017
1791,Mali,MLI,Africa,1292,2874,270,2000
1792,Mali,MLI,Africa,951,6290,838,2011
1793,Mali,MLI,Africa,843,6428,779,2012
1794,Mali,MLI,Africa,888,7047,805,2013
1795,Mali,MLI,Africa,767,7801,848,2014
1796,Mali,MLI,Africa,712,8406,751,2015
1797,Gambia,GMB,Africa,70,818,594,2000
1798,Mozambique,MOZ,Africa,396,2058,595,2011
1799,Mozambique,MOZ,Africa,389,1904,664,2013
1800,Mozambique,MOZ,Africa,582,2044,674,2014
1801,Mozambique,MOZ,Africa,749,2685,429,2016
1802,Mozambique,MOZ,Africa,590,2969,461,2017
1803,Mozambique,MOZ,Africa,769,3117,499,2018
1804,Indonesia,IDN,Asia,2026,31730,1263,2005
1805,Indonesia,IDN,Asia,4730,30847,1590,2006
1806,Indonesia,IDN,Asia,5319,33574,1860,2007
1807,Indonesia,IDN,Asia,5388,34961,2167,2008
1808,Indonesia,IDN,Asia,6437,37058,3122,2010
1809,Indonesia,IDN,Asia,7235,36010,3694,2012
1810,Indonesia,IDN,Asia,7305,44849,3332,2015
1811,Indonesia,IDN,Asia,7653,47750,3563,2016
1812,Indonesia,IDN,Asia,7763,47596,3838,2017
1813,Indonesia,IDN,Asia,7677,49900,3894,2018
1814,Chad,TCD,Africa,80,3885,926,2008
1815,Chad,TCD,Africa,978,4924,985,2011
1816,Philippines,PHL,Asia,2323,5546,991,2001
1817,Philippines,PHL,Asia,2609,6398,1036,2002
1818,Philippines,PHL,Asia,4744,7096,1048,2003
1819,Philippines,PHL,Asia,3495,7323,1121,2004
1820,Philippines,PHL,Asia,4836,7558,1244,2005
1821,Philippines,PHL,Asia,5136,7910,1452,2006
1822,Philippines,PHL,Asia,2665,8891,1991,2008
1823,Myanmar,MMR,Asia,57,3710,407,2007
1824,Myanmar,MMR,Asia,65,7286,1176,2011
1825,Myanmar,MMR,Asia,100,7061,1166,2012
1826,Myanmar,MMR,Asia,459,10277,1418,2018
1827,Venezuela (Bolivarian Republic of),VEN,South America,209,11839,3701,2002
1828,Venezuela (Bolivarian Republic of),VEN,South America,2472,11983,4326,2004
1829,Venezuela (Bolivarian Republic of),VEN,South America,1913,15247,11433,2008
1830,Gabon,GAB,Africa,411,3715,3990,2001
1831,Gabon,GAB,Africa,372,4715,4922,2003
1832,Germany,DEU,Europe,196619,120509,46286,2013
1833,Germany,DEU,Europe,210542,118498,47960,2014
1834,Germany,DEU,Europe,228756,117098,41140,2015
1835,Germany,DEU,Europe,244575,118088,42099,2016
1836,Germany,DEU,Europe,258873,122961,44350,2017
1837,Germany,DEU,Europe,311738,122538,47639,2018
1838,Palau,PLW,Oceania,11,346,8085,2001
1839,San Marino,SMR,Europe,673,950,48481,2018
1840,Israel,ISR,Asia,2892,13746,30694,2010
1841,Israel,ISR,Asia,3946,14141,33669,2011
1842,Israel,ISR,Asia,4506,14952,32511,2012
1843,Israel,ISR,Asia,10306,13904,36309,2013
1844,Israel,ISR,Asia,10471,14080,37679,2014
1845,Sint Maarten (Dutch part),SXM,---,67,8,0,2012
1846,Sint Maarten (Dutch part),SXM,---,77,90,0,2014
1847,Sint Maarten (Dutch part),SXM,---,70,95,0,2015
1848,Cabo Verde,CPV,Africa,159,3156,3740,2011
1849,Cabo Verde,CPV,Africa,133,3209,3448,2012
1850,Cabo Verde,CPV,Africa,126,4323,3616,2013
1851,Cabo Verde,CPV,Africa,181,3192,3589,2014
1852,Cabo Verde,CPV,Africa,169,3103,3043,2015
1853,Cabo Verde,CPV,Africa,125,3442,3131,2016
1854,Cabo Verde,CPV,Africa,102,3445,3293,2017
1855,Cabo Verde,CPV,Africa,168,3742,3617,2018
1856,Democratic Republic of the Congo,COD,Africa,914,4287,328,2008
1857,Democratic Republic of the Congo,COD,Africa,2242,6179,387,2011
1858,Democratic Republic of the Congo,COD,Africa,5214,8144,458,2013
1859,Democratic Republic of the Congo,COD,Africa,2037,9997,471,2016
1860,Turks and Caicos Islands,TCA,North America,0,251,27648,2008
1861,Antigua and Barbuda,ATG,North America,80,677,14113,2009
1862,Antigua and Barbuda,ATG,North America,164,666,13049,2010
1863,Antigua and Barbuda,ATG,North America,102,635,12746,2011
1864,Antigua and Barbuda,ATG,North America,215,571,13272,2012
1865,Russian Federation,RUS,Europe,41210,31657,1772,2000
1866,Russian Federation,RUS,Europe,64103,32136,2100,2001
1867,Russian Federation,RUS,Europe,70735,35671,2378,2002
1868,Russian Federation,RUS,Europe,68602,36586,2975,2003
1869,Russian Federation,RUS,Europe,75786,35999,4102,2004
1870,Russian Federation,RUS,Europe,90450,36908,5323,2005
1871,Russian Federation,RUS,Europe,77438,39370,6920,2006
1872,Russian Federation,RUS,Europe,60288,41082,9101,2007
1873,Russian Federation,RUS,Europe,136791,44649,11635,2008
1874,Russian Federation,RUS,Europe,129690,47199,8563,2009
1875,Russian Federation,RUS,Europe,165910,51630,14311,2011
1876,Russian Federation,RUS,Europe,173627,50861,15421,2012
1877,Russian Federation,RUS,Europe,213347,55951,14096,2014
1878,Russian Federation,RUS,Europe,226431,57438,9313,2015
1879,Russian Federation,RUS,Europe,243752,57497,8705,2016
1880,Russian Federation,RUS,Europe,250658,56798,10720,2017
1881,Russian Federation,RUS,Europe,262416,57632,11371,2018
1882,Argentina,ARG,South America,3255,6914,7708,2000
1883,Argentina,ARG,South America,75688,8189,12790,2016
1884,Argentina,ARG,South America,88873,9020,14592,2017
1885,Argentina,ARG,South America,109226,9129,11684,2018
1886,Panama,PAN,North America,0,3014,12796,2014
1887,Panama,PAN,North America,0,3402,14344,2016
1888,Pakistan,PAK,Asia,389,22508,599,2003
1889,Eritrea,ERI,Africa,53,677,308,2000
1890,Central African Republic,CAF,Africa,485,1233,355,2006
1891,Central African Republic,CAF,Africa,1800,1315,566,2012
1892,Belize,BLZ,North America,0,822,4818,2016
1893,Belize,BLZ,North America,0,873,4888,2017
1894,Belize,BLZ,North America,0,883,4885,2018
1895,Monaco,MCO,Europe,3,435,167517,2017
1896,Iraq,IRQ,Asia,8280,4948,0,2000
1897,Iraq,IRQ,Asia,3557,4176,1392,2004
1898,Afghanistan,AFG,Asia,0,5439,438,2009
1899,Afghanistan,AFG,Asia,0,19529,614,2014
1900,Puerto Rico,PRI,North America,0,696,29763,2015
1901,Puerto Rico,PRI,North America,0,835,30627,2016
1902,United States Virgin Islands,VIR,North America,0,0,44333,2007
1903,Kuwait,KWT,Asia,2472,7859,55495,2008
1904,Kuwait,KWT,Asia,7984,8641,37562,2009
1905,Nepal,NPL,Asia,95,24897,478,2009
1906,Nepal,NPL,Asia,107,29641,699,2011
1907,Uganda,UGA,Africa,15035,5313,826,2011
1908,Malawi,MWI,Africa,117,3318,479,2010
